year,site_id,sheet,flare_type,latitude,longitude,volume_bcm_central,volume_bcm_low,volume_bcm_high,ch4_slip_tonnes_central,ch4_slip_tonnes_low,ch4_slip_tonnes_high,co2_tonnes_methane_fraction_only_central,co2_tonnes_methane_fraction_only_low,co2_tonnes_methane_fraction_only_high,co2e_20yr_tonnes_methane_slip_only_central,co2e_20yr_tonnes_methane_slip_only_low,co2e_20yr_tonnes_methane_slip_only_high,co2e_100yr_tonnes_methane_slip_only_central,co2e_100yr_tonnes_methane_slip_only_low,co2e_100yr_tonnes_methane_slip_only_high
2022,5772,flare upstream,upstream oil,5.70853,4.481316,0.18783718525,0.16999265265125002,0.20568171784875,2166.6058542453598,1960.7782980920508,2372.4334103986685,291227.18287943106,263560.6005058852,318893.7652529771,178744.9829752422,161764.20959259418,195725.75635789015,64564.85445651172,58431.19328314312,70698.51562988032
2022,5900,flare upstream,upstream oil,3.465575,5.561488,0.1730858351,0.1566426807655,0.1895289894345,1996.4565754937857,1806.7932008218763,2186.119950165696,268356.3432097732,242862.49060484476,293850.1958147017,164707.66747823733,149060.4390678048,180354.89588866994,59494.40594971482,53842.43738449192,65146.37451493774
2022,5839,flare upstream,upstream oil,5.6598,6.51654,0.1696485988,0.153531981914,0.185765215686,1956.8098128993988,1770.9128806739561,2142.7067451248417,263027.1713356971,238039.5900588059,288014.75261258835,161436.8095642004,146100.3126556014,176773.30647279945,58312.93242440208,52773.203844083895,63852.661004720285
2022,5849,flare upstream,upstream gas,5.386367,6.657169,0.16712688257,0.15124982872585,0.18300393641415,1927.7231060293407,1744.5894109565536,2110.8568011021284,259117.44327675708,234501.2861654652,283733.60038804903,159037.15624742061,143928.62640391567,174145.6860909256,57446.14855967435,51988.7644465053,62903.53267284343
2022,5990,flare upstream,upstream oil,4.146358,7.972099,0.1627300967,0.1472707375135,0.17818945588649998,1877.0084299489545,1698.692629103804,2055.3242307941046,252300.56321682662,228332.0097112281,276269.1167224251,154853.19547078875,140142.14190106382,169564.24904051362,55934.85121247885,50621.04034729336,61248.66207766432
2022,5982,flare upstream,upstream gas,4.304848,7.659925,0.15403104162,0.1393980926661,0.1686639905739,1776.6692791165674,1607.885697600493,1945.452860632641,238813.34394610772,216126.07627122742,261500.6116209879,146575.21552711682,132650.57005204065,160499.8610021929,52944.74451767371,47914.99378849469,57974.495246852704
2022,5779,flare upstream,upstream oil,5.559557,5.072744,0.15276944968,0.1382563519604,0.1672825473996,1762.1174613855103,1594.716302553887,1929.518620217134,236857.34217712574,214355.8946702988,259358.7896839527,145374.6905643046,131564.0949606957,159185.28616791355,52511.10034928821,47522.545816105834,57499.6548824706
2022,5807,flare upstream,upstream oil,5.900736,5.58305,0.14683750191,0.13288793922855,0.16078706459145,1693.6954780148897,1532.7944076034753,1854.596548426304,227660.3110581502,206032.58150762593,249288.04060867443,139729.8769362284,126455.53862728672,153004.21524517008,50472.125244843715,45677.27334658356,55266.97714310386
2022,5771,flare upstream,upstream oil,5.358877,4.342074,0.12267587349,0.11102166550845001,0.13433008147155,1415.0034527207497,1280.5781247122786,1549.428780729221,190199.5549827703,172130.5972594071,208268.51270613345,116737.78484946185,105647.69528876299,127827.87441016073,42167.10289107834,38161.228116425904,46172.97766573079
2022,5803,flare upstream,upstream oil,5.524315,5.467962,0.11555072627,0.10457340727435001,0.12652804526565,1332.8185240088665,1206.2007642280244,1459.4362837897088,179152.5594173285,162133.0662726823,196172.05256197473,109957.52823073148,99511.56304881201,120403.49341265098,39717.992015464224,35944.782773995124,43491.201256933324
2022,5975,flare upstream,upstream oil,3.575634,7.394019,0.11374522324,0.1029394270322,0.12455101944779999,1311.9929700619768,1187.3536379060895,1436.6323022178647,176353.265122073,159599.7049354761,193106.8253086699,108239.42003011309,97956.67512725238,118522.16493297383,39097.39050784691,35383.138409601466,42811.64260609237
2022,5808,flare upstream,upstream oil,6.062372,5.586759,0.11362516947,0.10283077837035,0.12441956056964999,1310.6082112318231,1186.1004311648,1435.1159912988462,176167.13093791442,159431.25349881256,192903.00837701632,108125.1774266254,97853.285571096,118397.06928215481,39056.12469470833,35345.79284871104,42766.45654070562
2022,5829,flare upstream,upstream oil,5.685046,6.359328,0.11062118345,0.10011217102225,0.12113019587775,1275.9587690122707,1154.7426859561049,1397.1748520684366,171509.6804717065,155216.26082689437,187803.10011651865,105266.59844351234,95266.27159137865,115266.92529564603,38023.57131656567,34411.33204149193,41635.81059163941
2022,5812,flare upstream,upstream gas,6.013639,5.865574,0.11010486418,0.0996449020829,0.1205648262771,1270.0032903270846,1149.352977746012,1390.6536029081578,170709.1669510831,154491.79609073026,186926.537811436,104775.27145198449,94821.62066404599,114728.92223992302,37846.098051747125,34250.71873683116,41441.47736666311
2022,5910,flare upstream,upstream oil,3.9359,5.870955,0.10889874941,0.09855336821605,0.11924413060394999,1256.0913733757325,1136.762692905038,1375.420053846427,168839.17828920623,152799.45635173167,184878.9002266808,103627.53830349793,93782.92216466564,113472.15444233023,37431.52292659683,33875.52824857013,40987.51760462353
2022,5977,flare upstream,upstream oil,4.017078,7.492027,0.09668261787,0.08749776917235,0.10586746656765,1115.1845445411293,1009.2420128097223,1221.1270762725367,149899.00108550867,135658.59598238536,164139.40618863198,92002.72492464316,83262.46605680209,100742.98379248427,33232.49942732565,30075.411981729725,36389.586872921594
2022,5814,flare upstream,upstream gas,5.43438,5.884348,0.08688047705,0.07862683173025001,0.09513412236975,1002.1218639196978,906.9202868473267,1097.323440992069,134701.53178039362,121904.88626125628,147498.177299531,82675.05377337507,74820.92366490445,90529.18388184569,29863.231544806997,27026.224548050337,32700.238541563656
2022,5974,flare upstream,upstream oil,3.98963,7.290181,0.08509933701,0.07701489999405,0.09318377402594999,981.5773246009328,888.3274787638443,1074.8271704380209,131940.0104369356,119405.70944542676,144474.31142844443,80980.12927957696,73287.01699801715,88673.24156113672,29251.0042731078,26472.15886716256,32029.849679053023
2022,5846,flare upstream,upstream oil,5.250701,6.599837,0.08471011623,0.07666265518814999,0.09275757727185,977.0878619877681,884.26451509893,1069.911208876606,131336.55339978574,118859.5808268061,143813.52597276538,80609.74861399087,72951.82249566172,88267.67473232,29117.21828723549,26351.082549948114,31883.354024522858
2022,5855,flare upstream,upstream oil,5.459336,6.695024,0.08149244037,0.07375065853485001,0.08923422220515,939.9736167649098,850.6761231722433,1029.2711103575762,126347.79318769164,114344.75283486092,138350.83354052235,77547.82338310506,70180.78016171006,84914.86660450003,28011.213779594313,25350.14847053285,30672.27908865577
2022,5976,flare upstream,upstream oil,4.459612,7.468458,0.07859471221,0.07112821455005,0.08606120986995,906.5498046101882,820.4275731722204,992.672036048156,121855.08740281724,110278.85409954962,133431.32070608487,74790.35888034053,67685.27478670818,81895.44297397287,27015.18417738361,24448.741680532166,29581.62667423505
2022,5943,flare upstream,upstream gas,3.142152,6.823212,0.07598288227,0.06876450845435,0.08320125608564999,876.4236821879117,793.1634323800602,959.6839319957631,117805.64493180707,106614.10866328541,128997.1812003287,72304.95378050272,65435.983171354965,79173.92438965046,26117.42572919977,23636.270284925795,28598.581173473744
2022,5851,flare upstream,upstream oil,5.634755,6.669561,0.0703415292,0.063659083926,0.077023974474,811.3535600443143,734.2749718401046,888.4321482485244,109059.1586595724,98698.53858691303,119419.77873223177,66936.66870365593,60577.685176808634,73295.65223050327,24178.336089320568,21881.39416083512,26475.278017806027
2022,5792,flare upstream,upstream oil,5.924238,5.31631,0.06838867411,0.06189175006955001,0.07488559815045001,788.8283754550354,713.8896797868072,863.7670711232639,106031.40627031293,95958.42267463321,116104.38986599268,65078.34097504042,58895.89858241159,71260.78336766927,23507.085588560054,21273.912457646853,25740.258719473266
2022,5989,flare upstream,upstream oil,4.403686,7.828717,0.06666271771,0.06032975952755,0.07299567589245,768.9203511975635,695.872917833795,841.967784561332,103355.44293815517,93536.67585903042,113174.21001727993,63435.92897379899,57409.51572128809,69462.34222630989,22913.826465687394,20737.01295144709,25090.639979927695
2022,5816,flare upstream,upstream oil,5.515971,5.937782,0.06464910191,0.05850743722855001,0.07079076659145,745.6943228971796,674.8533622219477,816.5352835724117,100233.48571730447,90711.30457416055,109755.66686044837,61519.78163901732,55675.402383310684,67364.16089472396,22221.690822335953,20110.63019421404,24332.75145045787
2022,5897,flare upstream,upstream oil,4.554777,4.61596,0.06039174279,0.054654527224950004,0.06612895835505,696.5878630620822,630.4120160711846,762.7637100529801,93632.77616464865,84737.66242900703,102527.88990029028,57468.49870262178,52008.991325872725,62928.006079370854,20758.31831925005,18786.2780789213,22730.358559578806
2022,5912,flare upstream,upstream oil,4.338426,5.925481,0.05818968073,0.05266166106065,0.06371770039935,671.1882035417499,607.4253242052837,734.9510828782162,90218.64743712357,81647.87593059683,98789.41894365031,55373.02679219437,50112.5892469359,60633.46433745284,20001.408465544147,18101.274661317453,21901.54226977084
2022,5813,flare upstream,upstream gas,5.448319,5.880007,0.05763578962,0.052160389606100005,0.0631111896339,664.7993528999388,601.6434143744447,727.9552914254328,89359.88165348722,80870.69289640595,97849.07041056851,54845.946614244946,49635.58168589169,60056.31154259821,19811.020716418174,17928.97374835845,21693.0676844779
2022,5837,flare upstream,upstream oil,5.099783,6.506892,0.05755565593,0.05208786861665,0.06302344324334999,663.875051773699,600.8069218551975,726.9431816922004,89235.6404987799,80758.25465139581,97713.02634616398,54769.691771330174,49566.5710530538,59972.81248960653,19783.47654285623,17904.046271284886,21662.90681442757
2022,5923,flare upstream,upstream oil,3.940423,6.397274,0.05710450032,0.0516795727896,0.0625294278504,658.671202575785,596.0974383310854,721.2449668204846,88536.15824681961,80125.22321337173,96947.09328026748,54340.374212502255,49178.038662314546,59502.70976268998,19628.401836758392,17763.703662266347,21493.10001125044
2022,5777,flare upstream,upstream oil,5.951138,5.050727,0.05707514732,0.0516530083246,0.0624972863154,658.3326307346714,595.7910308148776,720.8742306544652,88490.64866634073,80084.03704303835,96897.2602896431,54312.44203561039,49152.7600422274,59472.124028993385,19618.31239589321,17754.57271828335,21482.052073503066
2022,5827,flare upstream,upstream oil,5.568382,6.305108,0.05665657354,0.0512741990537,0.06203894802629999,653.5045962803933,591.421659633756,715.5875329270307,87841.682048712,79496.72225408436,96186.64184333962,53914.12919313245,48792.28691978487,59035.971466480034,19474.436969155722,17624.36545708593,21324.508481225515
2022,5979,flare upstream,upstream oil,4.135606,7.516035,0.05646489845,0.05110073309725,0.06182906380275,651.2937221579226,589.4208185529199,713.166625762925,87544.50448818498,79227.77656180739,95861.23241456252,53731.73207802862,48627.21753061589,58836.246625441316,19408.552920306094,17564.74039287701,21252.365447735167
2022,5911,flare upstream,upstream oil,4.55598,5.921439,0.0559262709,0.0506132751645,0.06123926663549999,645.0809288734904,583.7982406305088,706.3636171164719,86709.40368639762,78472.01033618987,94946.79703660539,53219.176632062954,48163.35485201697,58274.99841210894,19223.411680430014,17397.187570789163,21049.635790070864
2022,5927,flare upstream,upstream oil,4.655683,6.614973,0.05101375282,0.046167446302100006,0.055860059337899996,588.4175455447404,532.51787871799,644.3172123714908,79092.92029745337,71579.0928691953,86606.74772571144,48544.44750744108,43932.72499423417,53156.17002064799,17534.842857233263,15869.032785796102,19200.652928670424
2022,5774,flare upstream,upstream oil,5.913972,4.88025,0.04975979266,0.0450326123573,0.054486972962700005,573.953756492373,519.4281496255975,628.4793633591485,77148.75101939589,69819.61967255326,84477.88236623851,47351.184910620774,42852.822344111795,51849.547477129745,17103.821943472718,15478.958858842805,18728.685028102624
2022,6004,flare upstream,upstream oil,4.317216,8.36579,0.04933740299,0.044650349705950006,0.054024456274049996,569.0817076987503,515.018945467369,623.1444699301313,76493.8681563049,69226.95068145596,83760.78563115385,46949.2408851469,42489.06300105794,51409.41876923583,16958.63488942276,15347.564574927597,18569.705203917914
2022,5917,flare upstream,upstream oil,4.628918,6.26368,0.04576455583,0.04141692302615,0.050112188633849995,527.870743198419,477.72302259456916,578.0184638022686,70954.44202041642,64213.77002847687,77695.11401235597,43549.336313869564,39412.149364051955,47686.52326368716,15730.548147312886,14236.146073318161,17224.950221307605
2022,5913,flare upstream,upstream oil,4.813716,5.961942,0.0451331728,0.040845521384,0.049420824216000005,520.5880628960683,471.13219692094174,570.0439288711948,69975.53094431585,63327.85550460585,76623.20638402588,42948.51518892564,38868.40624597769,47028.62413187357,15513.524274302836,14039.739468244064,16987.309080361607
2022,5998,flare upstream,upstream oil,4.290447,8.166741,0.043970794,0.03979356857,0.04814801943,507.18061798797487,458.99845927911736,555.3627766968325,68173.35155735246,61696.88315940399,74649.81995530096,41842.40098400792,37867.37289052718,45817.42907748868,15113.982416041652,13678.154086517698,16549.81074556561
2022,5795,flare upstream,upstream oil,6.153652,5.342662,0.0424825969,0.0384467501945,0.046518443605500004,490.01502564352216,443.4635982073874,536.5664530796568,65866.01582707358,59608.74432350158,72123.28733064557,40426.23961559058,36585.74685210946,44266.732379071684,14602.44776417696,13215.215226580145,15989.680301773771
2022,5956,flare upstream,upstream oil,4.93016,7.016167,0.04020333645,0.03638401948725,0.04402265341275,463.7249221810613,419.6710545738605,507.77878978826215,62332.19690288906,56410.6381971146,68253.75560866353,38257.30607993756,34622.86200234349,41891.75015753163,13819.002680995627,12506.197426301043,15131.807935690213
2022,5967,flare upstream,upstream oil,4.892522,7.120016,0.03972106666,0.0359475653273,0.043494567992699996,458.16218683156706,414.6367790825681,501.6875945805658,61584.47449562116,55733.94941853715,67434.99957270516,37798.38041360428,34207.53427431187,41389.22655289668,13653.233167580698,12356.17601666053,14950.290318500862
2022,5909,flare upstream,upstream oil,4.326692,5.821742,0.03913136489,0.03541388522545,0.04284884455455,451.3602785435975,408.48105208195574,494.23950500523915,60670.187023800594,54906.51925653954,66433.85479106163,37237.22297984679,33699.68679676135,40774.75916293223,13450.536300599206,12172.735352042282,14728.337249156128
2022,5819,flare upstream,upstream oil,5.521927,6.058793,0.03873275115,0.035053139790750004,0.04241236250925,446.7624729412765,404.32003801185533,489.2049078706978,60052.16692089749,54347.21106341224,65757.12277838275,36857.90401765531,33356.403135978064,40359.40489933257,13313.52169365004,12048.73713275329,14578.306254546795
2022,6003,flare upstream,upstream oil,4.271813,8.338197,0.0349652936,0.031643590708000005,0.038286996492,403.30677713436296,364.99263330659846,441.6209209621274,54211.01226643409,49060.96610112284,59361.05843174531,33272.809113584946,30111.892247794374,36433.72597937551,12018.541958604017,10876.780472536635,13160.303444671397
2022,5832,flare upstream,upstream oil,5.666872,6.393645,0.0328900365,0.029765483032499998,0.036014589967499996,379.3697479676407,343.3296219107149,415.40987402456653,50993.484926577716,46149.103858552844,55837.8659946026,31298.00420733036,28324.693807633976,34271.31460702674,11305.218489435692,10231.222732939304,12379.214245932082
2022,5782,flare upstream,upstream oil,5.860579,5.133139,0.03158470859,0.028584161273950005,0.03458525590605,364.3134581933249,329.703679664959,398.9232367216907,48969.67388268223,44317.55486382742,53621.79290153704,30055.8603009493,27200.553572359117,32911.16702953949,10856.541054161082,9825.169654015779,11887.912454306384
2022,6002,flare upstream,upstream oil,4.353921,8.246035,0.02991188112,0.0270702524136,0.0327535098264,345.0182489682683,312.2415153162828,377.79498262025373,46376.082891191225,41970.355016528054,50781.81076585438,28464.005539882135,25759.925013593333,31168.086066170934,10281.543819254397,9304.797156425228,11258.290482083561
2022,5797,flare upstream,upstream oil,5.687958,5.377169,0.028342757799,0.025650195808095,0.031035319789905,326.91921405786564,295.8618887223684,357.97653939336294,43943.27724753208,39768.665909016534,48117.888586047644,26970.835159773917,24408.605819595392,29533.06449995244,9742.192578924396,8816.68428392658,10667.700873922216
2022,5801,flare upstream,upstream oil,6.065259,5.437665,0.028187216252,0.02550943070806,0.030865001795939997,325.12512187180533,294.23823529398385,356.0120084496269,43702.12198057453,39550.42039241995,47853.823568729116,26822.82255442394,24274.65441175367,29370.990697094217,9688.728631779799,8768.29941176072,10609.157851798882
2022,5869,flare upstream,upstream oil,5.503784,6.831957,0.027680730237,0.025051060864485,0.030310399609515,319.28306475339247,288.9511736018202,349.6149559049648,42916.85416941157,38839.75302331747,46993.95531550568,26340.85284215488,23838.471822150164,28843.233862159595,9514.635329651095,8610.744973334242,10418.525685967952
2022,5986,flare upstream,upstream oil,3.954003,7.774854,0.027635086322,0.02500975312141,0.03026041952259,318.75658554046106,288.4747099141172,349.03846116680484,42846.08677176693,38775.70852844907,46916.465015084774,26297.41830708804,23799.16356791467,28795.6730462614,9498.94624910574,8596.546355440694,10401.346142770784
2022,5929,flare upstream,upstream oil,4.526552,6.632568,0.026773487713,0.024230006380265002,0.029316969045735,308.8184862882575,279.480730090873,338.1562424856419,41510.24405597056,37566.77087065335,45453.717241287755,25477.525118781243,23057.160232497023,27897.890005065456,9202.790891390074,8328.525756708015,10077.056026072129
2022,5823,flare upstream,upstream oil,5.882881,6.218069,0.025765358928,0.023317649829839998,0.02821306802616,297.1902364052154,268.9571639467199,325.4233088637109,39947.21751442364,36152.23185055339,43742.20317829389,24518.19450343027,22188.966025604394,26847.422981256146,8856.269044875418,8014.923485612253,9697.614604138584
2022,5834,flare upstream,upstream gas,5.823223,6.4421,0.02519015754,0.022797092573700002,0.0275832225063,290.5555826067558,262.9528022591141,318.1583629543976,39055.41177535964,35345.14765670048,42765.6758940188,23970.835565057354,21693.606186376914,26248.0649437378,8658.556361681323,7835.9935073216,9481.119216041048
2022,5958,flare upstream,upstream oil,4.653915,7.059545,0.024809860072,0.02245292336516,0.02716679677884,286.1690458332898,258.98298647912725,313.3551051874523,38465.78965067535,34811.53963386119,42120.03966748951,23608.946281246404,21366.096384528,25851.796177964814,8527.837565832035,7717.692997077992,9337.982134586078
2022,5957,flare upstream,upstream oil,4.551838,7.044755,0.024778863304,0.02242487129012,0.02713285531788,285.811513969074,258.65942014201187,312.963607796136,38417.73153368967,34768.04703798914,42067.41602939018,23579.449902448603,21339.402161715978,25819.497643181217,8517.183116278406,7708.050720231954,9326.315512324853
2022,5842,flare upstream,upstream oil,5.803326,6.560938,0.024216489177,0.021915922705184998,0.026517055648815,279.324816065181,252.78895853898888,305.8606735913732,37545.81348129492,33978.96120057192,41112.66576201794,23044.297325377433,20855.089079466583,25233.50557128829,8323.879518742393,7533.110964461869,9114.648073022921
2022,5781,flare upstream,upstream oil,5.600506,5.10888,0.024043864184,0.02175969708652,0.02632803128148,277.33367506759276,250.98697593617146,303.68037419901407,37278.17163849867,33736.74533284131,40819.59794415605,22880.028193076403,20706.425514734146,25053.63087141866,8264.543517014265,7479.41188289791,9049.67515113062
2022,5898,flare upstream,upstream oil,4.80275,5.31196,0.023988709897,0.021709782456785,0.026267637337215,276.69749857814054,250.4112362132172,302.9837609430639,37192.65913677887,33659.35651878488,40725.96175477286,22827.543632696594,20658.926987590417,24996.16027780277,8245.585457628587,7462.254839153872,9028.916076103304
2022,5817,flare upstream,upstream oil,5.548571,6.013272,0.023746312823,0.021490413104815,0.026002212541185,273.90157231422546,247.88092294437402,299.9222216840769,36816.84102118433,33319.241124171815,40314.44091819684,22596.879715923602,20450.176142910856,24743.58328893634,8162.266854963919,7386.851503742346,8937.682206185491
2022,5983,flare upstream,upstream oil,4.03493,7.686359,0.023017037538,0.02083041897189,0.02520365610411,265.4897549217614,240.26822820419406,290.7112816393287,35686.155494186714,32295.970722238977,39076.34026613446,21902.904781045316,19822.12882684601,23983.68073524462,7911.59469666849,7159.993200484983,8663.196192851996
2022,5868,flare upstream,upstream oil,5.61919,6.814769,0.022551880547,0.020409451895035,0.024694309198965002,260.1244069556363,235.41258829485082,284.8362256164217,34964.965172338016,31643.2934809659,38286.636863710126,21460.263573839995,19421.53853432519,23498.98861335479,7751.707327277962,7015.2951311865545,8488.119523369367
2022,5953,flare upstream,upstream oil,3.854645,6.980449,0.021286296599,0.019264098422094998,0.023308494775905,245.526543454188,222.20152182604008,268.8515650823358,33002.7741004109,29867.510560871862,36138.03763994993,20255.939834970508,18331.625550648307,22180.254119292706,7316.690994934802,6621.6053504159945,8011.7766394536075
2022,5901,flare upstream,upstream oil,4.937917,5.607662,0.021178541736,0.01916658027108,0.023190503200919997,244.2836462254604,221.0766998340417,267.49059261687916,32835.70843047295,29716.31612957803,35955.100731367886,20153.40081360048,18238.82773630844,22067.973890892532,7279.65265751872,6588.085655054443,7971.219659982999
2022,5847,flare upstream,upstream oil,5.237705,6.626948,0.020879610784,0.01889604775952,0.02286317380848,240.83563059556087,217.9562456889826,263.7150155021392,32372.23886287611,29296.87617090288,35447.60155484933,19868.939524133773,17981.390269341064,21756.488778926483,7176.901791747714,6495.096121531681,7858.707461963748
2022,5831,flare upstream,upstream oil,5.733416,6.394774,0.020788029424,0.018813166628720002,0.02276289221928,239.7792864512869,217.00025423841467,262.5583186641591,32230.248971782024,29168.375319462735,35292.12262410132,19781.79113223117,17902.52097466921,21661.061289793128,7145.42273624835,6466.6075763047575,7824.237896191942
2022,5902,flare upstream,upstream oil,4.879049,5.61578,0.020148838496,0.01823469883888,0.02206297815312,232.4065460392,210.32792416547602,254.485167912924,31239.23234727408,28271.50527428305,34206.95942026511,19173.540048234,17352.053743651773,20995.02635281623,6925.71507196816,6267.772140131186,7583.658003805135
2022,5955,flare upstream,upstream oil,4.556656,7.003235,0.02011326266,0.0182025027073,0.0220240226127,231.9961969677705,209.95655825583228,254.03583567970867,31184.07473573368,28221.587635838983,34146.56183562838,19139.686249841066,17321.41605610616,20957.956443575964,6913.486669639561,6256.705436023802,7570.267903255319
2022,5833,flare upstream,upstream oil,5.715987,6.420968,0.01930341339,0.01746958911795,0.021137237662049998,222.6549998714499,201.50277488366214,243.80722485923758,29928.465410321565,27085.26119634102,32771.66962430211,18369.037489394617,16623.978927902128,20114.0960508871,6635.118996169207,6004.782691533132,7265.45530080528
2022,5988,flare upstream,upstream oil,4.105483,7.799619,0.018443135666,0.01669103777773,0.02019523355427,212.7321363520964,192.5225833986472,232.9416893055456,28594.670625646744,25878.176916210297,31311.16433508319,17550.401249047954,15883.113130388396,19217.689367707513,6339.417663292473,5737.172985279687,6941.662341305258
2022,5822,flare upstream,upstream oil,5.459157,6.179899,0.017801479086,0.01611033857283,0.01949261959917,205.33095590535595,185.82451509434716,224.83739671636476,27599.831196378567,24977.847232722605,30221.815160034526,16939.803862191868,15330.522495283642,18549.085229100092,6118.862485979607,5537.570549811546,6700.15442214767
2022,5920,flare upstream,upstream oil,4.433911,6.324931,0.017646788776,0.01597034384228,0.01932323370972,203.546682302688,184.20974748393266,222.88361712144336,27359.9957072549,24760.796115065685,29959.19529944412,16792.60128997176,15197.304167424445,18387.898412519076,6065.6911326201025,5489.450475021194,6641.931790219012
2022,5985,flare upstream,upstream oil,3.955495,7.758063,0.017589932015,0.015918888473575,0.019260975556425,202.89086864645125,183.61623612503834,222.16550116786402,27271.84364986733,24681.01850312993,29862.668796604714,16738.49666333223,15148.339480315663,18328.65384634878,6046.147885664247,5471.763836526143,6620.531934802348
2022,5825,flare upstream,upstream oil,6.04203,6.27642,0.017340431515,0.015693090521075002,0.018987772508925,200.01300799698674,181.01177223727302,219.0142437567004,26885.012215796898,24330.9360552962,29439.0883762976,16501.073159751406,14933.471209575024,18068.675109927783,5960.387638310205,5394.150812670736,6526.624463949673
2022,5826,flare upstream,upstream oil,5.018351,6.300176,0.016795551776,0.01519997435728,0.01839112919472,193.72809891039742,175.3239295139097,212.13226830688518,26040.217873367576,23566.39717539766,28514.038571337493,15982.568160107787,14464.22418489755,17500.912135318027,5773.097347529843,5224.6530995145085,6321.541595545178
2022,5811,flare upstream,upstream oil,6.038889,5.717553,0.016608954755,0.015031104053274999,0.018186805456725,191.5757977164391,173.37609693337734,209.7754984995008,25750.913470263375,23304.576690588347,28197.250249938388,15805.003311606226,14303.52799700363,17306.478626208816,5708.958771949885,5166.607688614645,6251.309855285124
2022,5951,flare upstream,upstream oil,4.933358,6.97633,0.016356430896,0.014802569960880002,0.01791029183112,188.66306416733994,170.74007307144265,206.5860552632372,25359.394549403627,22950.252067210284,27768.537031596963,15564.702793805545,14086.05602839402,17043.34955921707,5622.15931218673,5088.054177528991,6156.264446844469
2022,6001,flare upstream,upstream oil,4.582162,8.190729,0.015924354736,0.01441154103608,0.017437168435919997,183.67928666614972,166.22975443286552,201.12881889943387,24689.49352475461,22343.991639902924,27034.99540960629,15153.541149957353,13713.954740711406,16593.127559203294,5473.642742651262,4953.646682099393,5993.638803203129
2022,5820,flare upstream,upstream oil,5.489687,6.136005,0.01548312044,0.0140122239982,0.0169540168818,178.58987475053203,161.62383664923152,195.55591285183257,24005.39351099618,21724.881127451546,26285.905894540818,14733.664666918892,13333.966523561601,16133.362810276187,5321.978267565854,4816.3903321471,5827.566202984611
2022,5949,flare upstream,upstream oil,4.5545,6.900777,0.015317628226,0.01386245354453,0.01677280290747,176.68100671033432,159.8963110728525,193.46570234781603,23748.810496256294,21492.673499111945,26004.947493400632,14576.183053602581,13191.445663510332,15960.920443694822,5265.093999967963,4764.910069971005,5765.277929964918
2022,5993,flare upstream,upstream oil,4.60595,8.015832,0.014831924135,0.013422891342175001,0.016240956927825,171.07865845542975,154.82618590216393,187.33113100869562,22995.763468072375,20811.165938605496,25180.36099753925,14113.989322572954,12773.160336928524,15454.81830821739,5098.144021971807,4613.820339884485,5582.46770405913
2022,5871,flare upstream,upstream oil,5.143588,6.920381,0.014502319298,0.01312459896469,0.01588003963131,167.2768352515666,151.38553590266775,183.1681346004654,22484.7363888751,20348.686431931965,24620.78634581823,13800.338908254245,12489.30671197009,15111.371104538395,4984.849690496685,4511.2889698994995,5458.41041109387
2022,5921,flare upstream,upstream oil,4.441613,6.361526,0.01440234298,0.0130341203969,0.0157705655631,166.12365956073415,150.3419119024644,181.90540721900388,22329.730757764057,20208.406335776475,24451.055179751645,13705.201913760568,12403.207731953313,15007.19609556782,4950.485054909878,4480.188974693439,5420.781135126315
2022,5980,flare upstream,upstream oil,4.106461,7.624938,0.014223495151,0.012872263111655,0.015574727190345,164.06074133282982,148.47497090621096,179.64651175944863,22052.440883906285,19957.45899993518,24147.42276787738,13535.01115995846,12249.185099762404,14820.837220154512,4889.010091718329,4424.554133005086,5353.466050431569
2022,5973,flare upstream,upstream oil,4.843236,7.254752,0.014152783774,0.01280826931547,0.01549729823253,163.24512176758748,147.73683519966664,178.75340833550823,21942.80830453268,19858.241515602076,24027.375093463277,13467.722545825967,12188.288903972498,14747.15618767943,4864.704628674107,4402.557688950066,5326.851568398145
2022,5815,flare upstream,upstream oil,5.538528,5.894775,0.013698399334,0.012397051397269999,0.01499974727073,158.00402966715095,142.99364684877165,173.0144124855303,21238.31999871971,19220.679598841343,23255.960398598087,13035.332447539953,11796.975865023662,14273.68903005625,4708.5200840810985,4261.210676093395,5155.829492068803
2022,5824,flare upstream,upstream oil,5.327512,6.241653,0.013151406179,0.011902022591995,0.014400789766005,151.6947434080015,137.28374278424133,166.10574403176162,20390.24896649591,18453.175314678796,22327.322618313017,12514.816331160124,11325.90877969991,13703.723882620334,4520.503353558444,4091.055534970392,4949.951172146496
2022,5933,flare upstream,upstream oil,4.54946,6.666005,0.013128980487,0.011881727340735,0.014376233633265,151.43607452139082,137.0496474418587,165.82250160092292,20355.47964701005,18421.709080544097,22289.250213476007,12493.476148014743,11306.595913953342,13680.356382076141,4512.795020737447,4084.079493767389,4941.510547707503
2022,5987,flare upstream,upstream oil,4.242627,7.79432,0.012945054589,0.011715274403045001,0.014174834774955,149.3145833649738,135.1296979453013,163.49946878464633,20070.31661572943,18163.63653723513,21976.996694223726,12318.453127610339,11148.200080487357,13488.706174733321,4449.574584276219,4026.8649987699787,4872.284169782461
2022,5915,flare upstream,upstream oil,4.661211,6.077455,0.012744426834,0.01153370628477,0.013955147383230001,147.00044483096326,133.03540257202175,160.96548708990474,19759.25863315633,17882.12906300648,21636.388203306175,12127.53669855447,10975.420712191795,13279.65268491714,4380.613255962705,3964.454996646248,4796.771515279162
2022,5810,flare upstream,upstream oil,5.862149,5.689893,0.0120758242,0.010928620901,0.013223027499,139.28845543408067,126.05605216784302,152.52085870031834,18722.64140900855,16943.990475152736,20501.292342864355,11491.297573311656,10399.62430384705,12582.970842776263,4150.795971935604,3756.470354601722,4545.121589269486
2022,5788,flare upstream,upstream oil,5.33058,5.208866,0.012061059641,0.010915258975105,0.013206860306895,139.11815379800063,125.90192918719058,152.33437840881064,18699.750090027675,16923.273831475046,20476.226348580298,11477.247688335052,10386.909157943222,12567.586218726878,4145.720983180419,3751.877489778279,4539.564476582557
2022,5984,flare upstream,upstream oil,3.978753,7.757564,0.011452425186,0.010364444793330001,0.01254040557867,132.09786667251288,119.54856933862416,144.64716400640157,17756.10893879823,16069.278589612402,19442.939287984067,10898.074000482313,9862.756970436494,11933.39103052813,3936.516426840884,3562.547366291,4310.485487390767
2022,5780,flare upstream,upstream oil,5.538078,5.091717,0.010543920483,0.009542248037115,0.011545592928884999,121.6187296182099,110.06495030447998,133.17250893193983,16347.541913396615,14794.52543162394,17900.558395169297,10033.545193502316,9080.358400119598,10986.731986885035,3624.2381426226552,3279.9355190735037,3968.5407661718073
2022,5790,flare upstream,upstream oil,5.673322,5.274804,0.010067550646,0.00911113333463,0.01102396795737,116.12404720877944,105.09226272394537,127.1558316936135,15608.966931804984,14126.115073283507,17091.818790326455,9580.233894724304,8670.111674725493,10490.356114723114,3460.4966068216277,3131.749429173572,3789.2437844696824
2022,5936,flare upstream,upstream oil,4.559997,6.710044,0.009859408523,0.008922764713314999,0.010796052332685,113.72323428344384,102.91952702651666,124.52694154037098,15286.258496629292,13834.063939449507,16738.45305380907,9382.166828384117,8490.860979687624,10273.472677080606,3388.9523816466267,3067.0019053901965,3710.9028579030555
2022,5802,flare upstream,upstream oil,5.599933,5.454672,0.009784851903,0.008855290972215,0.010714412833785,112.86326180701563,102.14125193534913,123.58527167868213,15170.664162212952,13729.451066802721,16611.877257623182,9311.21909907879,8426.653284666303,10195.784913491276,3363.3252018490657,3043.8093076734044,3682.8410960247274
2022,5785,flare upstream,upstream oil,5.536053,5.194943,0.009713729584,0.00879092527352,0.01063653389448,112.0429022359977,101.39882652357792,122.68697794841749,15060.39444871264,13629.65697608494,16491.131921340344,9243.53943446981,8365.40318819518,10121.675680744444,3338.8784866327314,3021.685030402622,3656.0719428628413
2022,5942,flare upstream,upstream oil,4.530133,6.818913,0.009381482977,0.008490242094185,0.010272723859815,108.21060756643435,97.93059984762309,118.49061528524561,14545.271507272273,13163.470714081404,15927.072300463138,8927.375124230834,8079.274487428905,9775.475761032763,3224.6761054797435,2918.331875459168,3531.020335500319
2022,5978,flare upstream,upstream oil,4.014703,7.505582,0.009353274744,0.00846471364332,0.01024183584468,107.88524002712433,97.6361422245475,118.13433782970114,14501.536800432077,13123.890804391029,15879.182796473124,8900.532302237756,8054.981733525168,9746.082870950344,3214.980152808305,2909.5570382915157,3520.403267325094
2022,5783,flare upstream,upstream oil,5.436306,5.141077,0.009072836182,0.008210916744709999,0.00993475561929,104.65052465712624,94.70872481469925,114.59232449955324,14066.738268536916,12730.39813302591,15403.078404047927,8633.668284212914,7813.469797212689,9453.866771213143,3118.585634782362,2822.319999478038,3414.851270086687
2022,5775,flare upstream,upstream oil,5.77461,4.890495,0.008560714391,0.007747446523855001,0.009373982258145,98.74346174521958,89.36283287942373,108.12409061101542,13272.732617922014,12011.823019219422,14533.642216624601,8146.335593980615,7372.433712552458,8920.237475408772,2942.5551600075432,2663.0124198068274,3222.0979002082595
2022,5940,flare upstream,upstream oil,4.625923,6.815011,0.008505472045,0.0076974522007250004,0.009313491889275,98.10626954024401,88.78617393392085,107.42636514656719,13187.083587460773,11934.310646652,14439.856528269544,8093.767237070131,7324.85934954847,8862.675124591793,2923.5668322992715,2645.8279832308413,3201.3056813677026
2022,5970,flare upstream,upstream oil,4.98052,7.181484,0.008198733195,0.007419853541475001,0.008977612848525,94.56819380060828,85.58421538955051,103.55217221166606,12711.508471456544,11503.915166668174,13919.101776244917,7801.875988550183,7060.697769637917,8543.05420746245,2818.132175258127,2550.4096186086053,3085.854731907649
2022,5922,flare upstream,upstream oil,4.884939,6.371853,0.008167707074,0.007391774901970001,0.00894363924603,94.21032336455134,85.26034264491898,103.16030408418371,12663.404844890374,11460.381384625789,13866.42830515496,7772.351677575486,7033.978268205816,8510.725086945156,2807.46763626363,2540.7582108185857,3074.1770617086745
2022,5872,flare upstream,upstream oil,5.009178,7.01906,0.007333788344,0.006637078451320001,0.00803049823668,84.59149735851774,76.55530510945856,92.62768960757691,11370.477663485583,10290.28228545445,12450.673041516713,6978.798532077713,6315.8126715303315,7641.784392625095,2520.826621283829,2281.348092261865,2760.305150305792
2022,5903,flare upstream,upstream oil,4.78379,5.651325,0.006695654124,0.00605956698222,0.00733174126578,77.23094553271093,69.89400570710339,84.56788535831846,10381.09938387487,9394.894942406758,11367.30382534298,6371.553006448652,5766.255470836029,6976.850542061273,2301.482176874786,2082.841370071681,2520.1229836778903
2022,5919,flare upstream,upstream oil,4.452915,6.325221,0.006446828743,0.005834380012415001,0.007059277473584999,74.36087203559207,67.29658919221083,81.42515487897329,9995.314670155461,9045.759776490691,10944.869563820226,6134.771942936345,5551.968608357393,6717.575277515296,2215.9539866606437,2005.4383579278829,2426.469615393404
2022,5844,flare upstream,upstream oil,5.42562,6.594448,0.006349435489,0.005746239117545,0.006952631860455,73.23749066677757,66.2799290534337,80.19505228012144,9844.313882126558,8909.104063324536,10779.52370092858,6042.09298000915,5468.094146908281,6616.091813110019,2182.477221869972,1975.1418857923245,2389.812557947619
2022,5794,flare upstream,upstream oil,5.36079,5.324945,0.006241504508,0.00564856157974,0.00683444743626,71.99256200700336,65.15326861633804,78.83185539766866,9676.97515470574,8757.662515008693,10596.287794402786,5939.386365577777,5375.144660847888,6503.6280703076645,2145.3783478087003,1941.5674047668736,2349.189290850526
2022,5821,flare upstream,upstream oil,5.356571,6.143912,0.005972836499,0.005405417031595,0.0065402559664049995,68.89361394529179,62.348720620489075,75.4385072700945,9260.425964582611,8380.685497947263,10140.16643121796,5683.723150486573,5143.769451190348,6223.676849782797,2053.0296955696954,1857.9918744905744,2248.0675166488163
2022,5907,flare upstream,upstream oil,4.912836,5.772861,0.005970224082,0.00540305279421,0.00653739536979,68.8634810514327,62.32145035154658,75.40551175131878,9256.375611919992,8377.019928787593,10135.731295052388,5681.2371867431975,5141.519654002593,6220.9547194838,2052.1317353326945,1857.1792204760882,2247.0842501893
2022,5971,flare upstream,upstream oil,4.468987,7.196403,0.005720840994,0.00517736109957,0.00626432088843,65.98697468933267,59.71821209384605,72.25573728481928,8869.72621617148,8027.102225635191,9712.350206707775,5443.9254118699455,4926.752497742299,5961.09832599759,1966.4118457421137,1779.6027203966123,2153.2209710876145
2022,5793,flare upstream,upstream oil,5.41246,5.321568,0.005487279173,0.004965987651565001,0.0060085706944349995,63.292958549592804,57.280127487381485,69.3057896118041,8507.606484301086,7699.383868292483,9315.829100309687,5221.669080341407,4725.610517708972,5717.727642973839,1886.1301647778655,1706.9477991239683,2065.3125304317623
2022,5916,flare upstream,upstream oil,4.800565,6.090042,0.005353840435,0.004845225593675,0.005862455276325,61.75381095989096,55.88719891870133,67.62042300108062,8300.719931444126,7512.1515379569355,9089.288324931318,5094.6894041910045,4610.69391079286,5578.684897589152,1840.2635666047506,1665.4385277772997,2015.0886054322027
2022,6000,flare upstream,upstream oil,4.100749,8.17203,0.005258854127,0.004759262984935,0.005758445269065,60.658192482047795,54.89566419625325,66.42072076784233,8153.450929014493,7378.873090758116,8928.028767270871,5004.300879768943,4528.892296190893,5479.7094633469915,1807.6141359650244,1635.890793048347,1979.3374788817014
2022,5995,flare upstream,upstream oil,4.128242,8.096009,0.004988894586,0.00451494960033,0.00546283957167,57.544347259327225,52.07763426969114,63.011060248963325,7734.899317350292,7000.083882202015,8469.71475249857,4747.408648894496,4296.404827249519,5198.412470539474,1714.8215483279514,1551.913501236796,1877.7295954191072
2022,5805,flare upstream,upstream oil,5.535219,5.537615,0.004924993105,0.004457118760025,0.005392867449975,56.8072763612232,51.41058510690701,62.20396761553941,7635.824960647785,6910.4215893862465,8361.228331909326,4686.600299800914,4241.373271319828,5131.827328282002,1692.8568355644516,1532.0354361858288,1853.6782349430746
2022,5857,flare upstream,upstream oil,5.661728,6.706231,0.004854340434,0.00439317809277,0.005315502775230001,55.99233393966309,50.67306221539509,61.31160566393109,7526.283400435138,6811.286477393798,8241.280323476476,4619.367550022205,4180.527632770095,5058.207467274315,1668.57155140196,1510.0572540187738,1827.0858487851465
2022,5935,flare upstream,upstream oil,3.055732,6.697256,0.004766252081,0.004313458133305,0.005219046028694999,54.97627984448156,49.753533259255825,60.19902642970732,7389.709149418038,6687.686780223325,8091.731518612751,4535.543087169729,4104.666493888605,4966.419680450854,1638.2931393655506,1482.6552911258236,1793.930987605278
2022,5786,flare upstream,upstream oil,5.816886,5.201087,0.004221577813,0.0038205279207649996,0.0046226277052349996,48.69374076078006,44.06783538850595,53.31964613305417,6545.233374052062,5923.436203517114,7167.030544587008,4017.233612764355,3635.596419551741,4398.870805976969,1451.0734746712458,1313.2214945774772,1588.9254547650144
2022,5853,flare upstream,upstream oil,5.545702,6.682486,0.004174172718,0.00377762630979,0.00457071912621,48.14694723738182,43.57298724983054,52.720907224933086,6471.735401578682,5856.920538428706,7086.550264728656,3972.1231470840003,3594.7714481110197,4349.47484605698,1434.7790276739784,1298.47502004495,1571.083035303006
2022,5852,flare upstream,upstream oil,5.534972,6.672092,0.00409562409,0.0037065398014499997,0.004484708378549999,47.24092899056216,42.753040736458765,51.728817244665564,6349.951764217215,5746.70634661658,6953.197181817849,3897.3766417213783,3527.125860757848,4267.627422684909,1407.7796839187524,1274.0406139464712,1541.5187538910338
2022,5925,flare upstream,upstream oil,4.539882,6.503426,0.00381324823,0.00345098964815,0.00417550681185,43.98386787905061,39.80540043054081,48.16233532756043,5912.149600010452,5350.495388009461,6473.803812011446,3628.669100021675,3283.9455355196164,3973.392664523735,1310.7192627957081,1186.200932830116,1435.2375927613007
2022,5865,flare upstream,upstream oil,5.192893,6.76186,0.003453292391,0.003125229613855,0.003781355168145,39.831961391476156,36.04792505928592,43.61599772366639,5354.065614598027,4845.429381211215,5862.70184798484,3286.136814796783,2973.9538173910887,3598.319812202477,1186.9924494659895,1074.2281667667205,1299.7567321652584
2022,5918,flare upstream,upstream oil,4.451687,6.283266,0.003421884681,0.0030968056363050002,0.0037469637256949996,39.46968952148474,35.72006901694369,43.219310026025795,5305.370363485633,4801.360178954498,5809.380548016767,3256.249385522491,2946.9056938978542,3565.593077147128,1176.1967477402452,1064.458056704922,1287.9354387755686
2022,5965,flare upstream,upstream oil,4.982378,7.117588,0.003072173039,0.002780316600295,0.003364029477705,35.43594460645888,32.069529868845294,38.80235934407248,4763.169221660333,4310.668145602603,5215.670297718067,2923.465430032858,2645.7362141797366,3201.1946458859793,1055.9911492724748,955.6719900915898,1156.3103084533598
2022,5828,flare upstream,upstream oil,5.68537,6.34049,0.0027973350294,0.002531588201607,0.003063081857193,32.26582874374527,29.200575013089466,35.33108247440106,4337.053917720546,3925.0337955370946,4749.074039903998,2661.9308713589844,2409.047438579881,2914.814304138087,961.521696563609,870.1771353900662,1052.8662577371515
2022,5908,flare upstream,upstream oil,4.36701,5.791225,0.002607632461,0.002359907377205,0.0028553575447949997,30.07770664899714,27.220324517342412,32.935088780651874,4042.9346010016825,3658.855813906522,4427.013388096842,2481.410798542264,2245.676772680749,2717.1448244037797,896.3156581401148,811.1656706168039,981.4656456634259
2022,5778,flare upstream,upstream oil,5.574354,5.05869,0.0026001621225,0.0023531467208625003,0.0028471775241375,29.991540115433768,27.142343804467565,32.84073642639998,4031.3524127698092,3648.3739335566784,4414.3308919829415,2474.302059523286,2239.2433638685743,2709.3607551779983,893.7478954399263,808.8418453731334,978.6539455067194
2022,5838,flare upstream,upstream oil,5.676159,6.514621,0.0025835600657,0.0023381218594585003,0.0028289982719415,29.80004388209999,26.9690397133005,32.63104805089949,4005.6121940509584,3625.0790356161183,4386.145352485799,2458.503620273249,2224.945776347291,2692.061464199208,888.0413076865797,803.677383456355,972.4052319168047
2022,5850,flare upstream,upstream oil,5.247702,6.660344,0.0025821922159,0.0023368839553895003,0.0028275004764105,29.784266434304104,26.954761123045216,32.613771745563,4003.4914476006425,3623.159760078583,4383.823135122704,2457.201980830089,2223.76779265123,2690.6361690089475,887.5711397422623,803.2518814667475,971.8903980177774
2022,6010,flare upstream,upstream oil,4.576948,8.422527,0.0025130688362,0.0022743272967610004,0.002751810375639,28.986963605666,26.233202063127735,31.740725148204266,3896.320936530944,3526.170447560505,4266.471425501384,2391.424497467445,2164.239170208038,2618.609824726852,863.8115154488468,781.7494214812065,945.8736094164872
2022,5962,flare upstream,upstream oil,4.65579,7.076546,0.0017993565118,0.001628417643179,0.0019702953804209998,20.754657003360247,18.78296458804103,22.726349418679476,2789.764589103231,2524.7369531384243,3054.7922250680385,1712.2592027772205,1549.594578513385,1874.9238270410567,618.4887787001354,559.7323447236226,677.2452126766484
2022,5981,flare upstream,upstream oil,4.314121,7.640089,0.001746679618,0.0015807450542900002,0.00191261418171,20.14705597729802,18.233085659454712,22.061026295141332,2708.0930959758452,2450.8242518581405,2965.3619400935504,1662.1321181270866,1504.2295669050138,1820.03466934916,600.382268123481,543.3459526517504,657.4185835952117
2022,5928,flare upstream,upstream oil,4.649575,6.631361,0.001725574811,0.001561645203955,0.0018895044180449998,19.903622823537436,18.01277865530138,21.79446699177349,2675.3717076115354,2421.211395388439,2929.5320198346303,1642.0488829418384,1486.0542390623636,1798.043526821313,593.1279601414157,536.7808039279811,649.47511635485
2022,5904,flare upstream,upstream oil,4.999914,5.685559,0.0015864210439,0.0014357110447295,0.0017371310430705,18.298555296370818,16.560192543215592,20.036918049526044,2459.6244394353394,2225.9601176889823,2693.2887611816964,1509.6308119505925,1366.2158848152865,1653.0457390858985,545.2969478318504,493.49373778782467,597.1001578758761
2022,5899,flare upstream,upstream oil,4.993387,5.554859,0.001541208618,0.00139479379929,0.00168762343671,17.777053089503745,16.088233046000887,19.4658731330066,2389.5260326237303,2162.521059524476,2616.5310057229844,1466.606879884059,1327.2792262950732,1605.9345334730444,529.7561820672116,479.42934477082645,580.0830193635967
2022,5841,flare upstream,upstream oil,5.113631,6.556743,0.0013236030878,0.001197860794459,0.001449345381141,15.26708460259316,13.81671156534681,16.717457639839512,2052.1453087016494,1857.1915043749932,2247.0991130283064,1259.5344797139358,1139.878704141112,1379.1902552867598,454.9591211572762,411.73800464733495,498.1802376672175
2022,5789,flare upstream,upstream oil,5.431391,5.267819,0.0012949780422,0.001171955128191,0.001418000956209,14.93690934313931,13.517902955541077,16.35591573073754,2007.764365818653,1817.026751065881,2198.5019805714246,1232.295020808993,1115.2269938321388,1349.363047785847,445.11989842555147,402.8335080751241,487.4062887759787
2022,5952,flare upstream,upstream oil,4.559608,6.97497,0.0012800520417,0.0011584470977385002,0.0014016569856615,14.764745561933115,13.362094733549469,16.16739639031675,1984.6227441451458,1796.083583451357,2173.1619048389334,1218.091508859482,1102.3728155178312,1333.810202201132,439.98941774560683,398.19042305977416,481.78841243143916
2022,5867,flare upstream,upstream oil,5.008952,6.811558,0.0011738411465,0.0010623262375825,0.0012853560554174999,13.539657212048136,12.253389776903566,14.825924647192709,1819.9508781403895,1647.055544717053,1992.8462115637267,1117.0217199939711,1010.9046565945441,1223.1387833933984,403.48178491903445,365.15101535172624,441.8125544863427
2022,5804,flare upstream,upstream oil,5.748859,5.539542,0.000993393579,0.000899021188995,0.001087765969005,11.458286818803094,10.3697495710168,12.546824066589387,1540.180732146515,1393.8635625925963,1686.497901700434,945.3086625512552,855.5043396088861,1035.1129854936244,341.4569472003322,309.0185372163007,373.8953571843638
2022,5905,flare upstream,upstream oil,4.852301,5.69022,0.0007926308002,0.000717330874181,0.000867930726219,9.14259085432342,8.274044723162694,10.011136985484143,1228.9134055032123,1112.166631980407,1345.660179026017,754.2637454816821,682.6086896609222,825.9188013024418,272.4492074588379,246.56653275024829,298.33188216742747
2022,5991,flare upstream,upstream oil,4.365795,7.997011,0.0007646104264,0.000691972435892,0.0008372484169080001,8.819390174796501,7.981548108190835,9.65723224140217,1185.4699599780793,1072.8503137801617,1298.089606175997,727.5996894207113,658.4777189257439,796.721659915679,262.81782720893574,237.85013362408688,287.78552079378466
2022,5960,flare upstream,upstream oil,4.648192,7.072414,0.0007386946627,0.0006685186697435,0.0008088706556565001,8.520465096277421,7.711020912131067,9.329909280423776,1145.289551373282,1036.4870439928204,1254.0920587537437,702.9383704428873,636.159225250813,769.7175156349615,253.90985986906716,229.7884231815058,278.0312965566285
2022,5773,flare upstream,upstream oil,5.729667,4.831269,0.00035429071,0.00032063309255,0.00038794832744999994,4.086562122239557,3.6983387206267992,4.474785523852314,549.3006363800027,497.1170759239026,601.4841968361031,337.14137508476347,305.1129444517109,369.1698057178159,121.7795512427388,110.21049387467862,133.34860861079898
2022,5836,flare upstream,upstream oil,5.197765,6.490112,0.0003380232774,0.00030591106604700003,0.000370135488753,3.898925607894473,3.5285276751444985,4.269323540644448,524.0792268786112,474.2917003251431,573.8667534320791,321.66136265129404,291.1035331994211,352.21919210316696,116.1879831152553,105.15012471930606,127.22584151120456
2022,5776,flare upstream,upstream oil,5.759711,4.919564,0.00029194816683,0.00026421309098115,0.00031968324267885,3.367472774617074,3.047562861028452,3.6873826882056964,452.6432934967282,409.6421806145391,495.6444063789175,277.8165039059086,251.42393603484732,304.20907177696995,100.3506886835888,90.81737325864788,109.88400410852975
2022,5972,flare upstream,upstream oil,4.866483,7.24649,0.00027183578476,0.0002460113852078,0.0002976601843122,3.1354867348045374,2.837615494998106,3.433357974610968,421.46058404840903,381.42182856381004,461.4993395330078,258.67765562137436,234.10327833734374,283.25203290540486,93.43750469717521,84.56094175094356,102.31406764340684
2022,5999,flare upstream,upstream oil,4.277501,8.168692,0.00015876509346,0.0001436824095813,0.00017384777733869998,1.8312741456513475,1.6573031018144695,2.005245189488225,246.15312908574046,222.7685818225951,269.5376763488858,151.08011701623616,136.72750589969374,165.43272813277858,54.57196954041016,49.38763243407119,59.75630664674911
2022,5870,flare oil downstream,refinery,5.354477,6.841062,0.008942596921,0.008093050213505001,0.009792143628495,103.14828139810578,93.34919466528574,112.94736813092584,13864.812259952158,12547.655095256701,15181.969424647612,8509.733215343727,7701.308559886073,9318.157870801382,3073.8187856635523,2781.806001025515,3365.83157030159
2022,5964,flare oil downstream,refinery,4.84011,7.103639,0.005763960551,0.005216384298655,0.006311536803345,66.48433672392834,60.16832473515517,72.80034871270153,8936.579789894946,8087.604709854929,9785.554869934967,5484.957779724088,4963.886790650301,6006.028768797876,1981.2332343730645,1793.016077107624,2169.4503916385056
2022,5969,flare gas downstream,lng,4.423652,7.15544,0.07720073824,0.0698666681072,0.08453480837279999,890.4710278757095,805.8762802275173,975.0657755239018,119693.83742587555,108322.92287041737,131064.7519813337,73463.85979974603,66484.79311877018,80442.9264807219,26536.036630696144,24015.113150780016,29056.960110612275
2022,5787,flare gas downstream,gpp,5.614466,5.201792,0.07238684624,0.0655100958472,0.0792635966328,834.9452459331008,755.6254475694561,914.2650442967455,112230.26622734028,101568.39093574295,122892.14151893761,68882.98278948081,62339.09942448013,75426.8661544815,24881.368328806402,22517.63833756979,27245.098320043016
2023,5910,flare upstream,upstream oil,5.358898,4.342184,0.11451104301,0.10363249392405,0.12538959209595,1320.8263093966273,1195.3478100039476,1446.3048087893071,177540.6100767668,160674.25211947394,194406.96803405965,108968.17052522175,98616.19432532568,119320.14672511784,39360.624020019495,35621.36473811764,43099.883301921356
2023,5911,flare upstream,upstream oil,5.708536,4.481537,0.17588141482,0.1591726804121,0.1925901492279,2028.702157641433,1835.975452665497,2221.428862617369,272690.67565458117,246785.06146739595,298596.2898417663,167367.92800541822,151467.9748449035,183267.88116593292,60455.3242977147,54712.06848943181,66198.5801059976
2023,5912,flare upstream,upstream oil,5.386508,4.590035,0.023001245624,0.02081612728972,0.02518636395828,265.30760327124233,240.10338096047434,290.5118255820104,35661.671339889086,32273.812562599625,39049.530117178554,21887.877269877492,19808.52892923913,23967.225610515856,7906.166577483022,7155.080752622135,8657.25240234391
2023,5913,flare upstream,upstream oil,5.973903,4.844773,0.0006781012648,0.000613681644644,0.0007425208849560001,7.82155124466689,7.078503876423535,8.564598612910244,1051.3441243907434,951.4664325736228,1151.221816207864,645.2779776850184,583.9765698049416,706.5793855650951,233.08222709107332,210.93941551742134,255.22503866472528
2023,5914,flare upstream,upstream oil,5.913884,4.88022,0.026146536986,0.02366261597233,0.028630457999669998,301.5869303339149,272.936171952193,330.2376887156368,40538.20492652229,36687.07545850268,44389.334394541904,24880.92175254798,22517.23418605592,27244.609319040035,8987.290523950664,8133.497924175351,9841.083123725977
2023,5915,flare upstream,upstream oil,5.774519,4.890507,0.04833059509,0.04373918855645,0.05292200162354999,557.4686935485582,504.50916766144525,610.4282194356712,74932.88954587955,67814.26503902099,82051.51405273809,45991.167217756054,41622.006332069235,50360.32810344287,16612.567067747037,15034.37319631107,18190.760939183
2023,5916,flare upstream,upstream oil,5.951114,5.050883,0.10405227558,0.0941673093999,0.1139372417601,1200.1897766894879,1086.1717479039867,1314.2078054749893,161325.0914563395,145999.2077679872,176650.97514469168,99015.65657688274,89609.1692020789,108422.14395168662,35765.65534534674,32367.918087538805,39163.39260315468
2023,5917,flare upstream,upstream oil,5.575192,5.058645,0.0009521261963,0.0008616742076515,0.0010425781849485,10.98228866738167,9.93897124398041,12.02560609078293,1476.198812951267,1335.9599257208963,1616.4377001816372,906.0388150589878,819.9651276283838,992.1125024895916,327.2722022879738,296.1813430706162,358.3630615053313
2023,5918,flare upstream,upstream oil,5.559502,5.072844,0.10479960296,0.09484364067880001,0.1147555652412,1208.8098157642366,1093.972883266634,1323.646748261839,162483.76537533157,147047.80766467503,177919.72308598805,99726.80980054953,90252.7628694973,109200.85673160173,36022.53250977425,32600.391921345694,39444.67309820281
2023,5919,flare upstream,upstream oil,5.537827,5.0919740000000004,0.010671517974,0.00965772376647,0.011685312181530001,123.09050141153017,111.3969037774348,134.78409904562554,16545.372059738285,14973.561714063148,18117.182405413423,10154.966366451239,9190.24456163837,11119.688171264106,3668.0969420635993,3319.6277325675574,4016.566151559641
2023,5920,flare upstream,upstream oil,5.600418,5.109155,0.016039829438,0.01451604564139,0.01756361323461,185.01122828909007,167.4351616016265,202.5872949765536,24868.528214358495,22506.01803399444,27231.038394722553,15263.426333849931,13813.400832134186,16713.451835565673,5513.334603014884,4989.56781572847,6037.101390301297
2023,5921,flare upstream,upstream oil,5.860281,5.133217,0.016352233417,0.014798771242385001,0.017905695591615,188.6146483940607,170.69625679662494,206.53303999149645,25352.886679395142,22944.36244485261,27761.410913937685,15560.708492510008,14082.441185721556,17038.975799298456,5620.71652214301,5086.748452539423,6154.684591746594
2023,5922,flare upstream,upstream oil,5.436234,5.141791,0.05987160763,0.05418380490515,0.06555941035485,690.5883700375515,624.9824748839842,756.1942651911189,92826.34639856301,84007.84349069951,101644.8493064265,56973.540528098,51561.054177928694,62386.02687826731,20579.533427119037,18624.47775154273,22534.589102695343
2023,5923,flare upstream,upstream oil,5.655083,5.14747,0.0028504757006,0.0025796805090430005,0.003121270892157,32.878779204897086,29.755295180431872,36.00226322936232,4419.444462219499,3999.597238308648,4839.291686130352,2712.4992844040094,2454.8118523856297,2970.1867164223913,979.7876203059332,886.7077963768699,1072.8674442349973
2023,5925,flare upstream,upstream oil,5.536043,5.195147,0.023341652365,0.021124195390325,0.025559109339675,269.23402091263523,243.65678892593488,294.8112528993355,36189.44594470258,32751.448579955835,39627.44330944932,22211.806725292405,20101.68508638963,24321.928364195177,8023.17382319653,7260.97230999286,8785.375336400199
2023,5926,flare upstream,upstream oil,5.8167,5.201506,0.006528664907,0.0059084417408350005,0.007148888073165,75.30481032861641,68.15085334739787,82.45876730983498,10122.19538053056,9160.586819380158,11083.803941680962,6212.646852110854,5622.445401160324,6802.848303061386,2244.083347792769,2030.8954297524565,2457.2712658330825
2023,5928,flare upstream,upstream oil,5.33067,5.209166,0.008030922094,0.00726798449507,0.00879385969293,92.63257858496259,83.83248361939113,101.43267355053402,12451.330199858825,11268.453830872237,13634.206568845411,7642.187733259413,6916.1798985997675,8368.195567919056,2760.450841831885,2498.2080118578556,3022.6936718059137
2023,5929,flare upstream,upstream oil,5.43118,5.268165,0.0008512340647,0.0007703668285535,0.0009321013008465,9.818549535106456,8.885787329271343,10.751311740941569,1319.7732829292827,1194.3948210510011,1445.1517448075645,810.0303366462826,733.0774546648859,886.9832186276794,292.5927761461724,264.796462412286,320.38908988005875
2023,5930,flare upstream,upstream oil,5.673282,5.274899,0.013807475082,0.01249576494921,0.01511918521479,159.26216262872865,144.1322571789994,174.39206807845784,21407.43359977921,19373.727407800183,23441.139791758233,13139.128416870113,11890.91121726745,14387.345616472772,4746.0124463361135,4295.1412639341825,5196.883628738044
2023,5932,flare upstream,upstream oil,5.924107,5.316413,0.06540347401,0.05919014397905001,0.07161680404095,754.3956192137957,682.7280353884852,826.0632030391065,101403.0819356115,91769.78915172842,111036.3747194946,62237.63858513815,56325.06291955003,68150.21425072629,22480.989452571113,20345.29545457686,24616.683450565375
2023,5933,flare upstream,upstream oil,5.412593,5.321894,0.007074718766,0.006402620483230001,0.00774681704877,81.60326228885025,73.85095237140948,89.35557220629101,10968.810106179042,9926.773146092035,12010.84706626605,6732.2691388301455,6092.703570641282,7371.834707019008,2431.777216207737,2200.7583806680022,2662.796051747472
2023,5934,flare upstream,upstream oil,5.360781,5.324971,0.005375473596,0.00486480360438,0.0058861435876199995,62.003338406791606,56.113021258146404,67.8936555554368,8334.260492257057,7542.505745492637,9126.015239021477,5115.275418560307,4629.324253797078,5601.226583323535,1847.6994845223899,1672.1680334927628,2023.2309355520165
2023,5935,flare upstream,upstream oil,6.153428,5.343086,0.03711833615,0.033592094215750004,0.040644578084249997,428.1410216800358,387.46762462043245,468.81441873963917,57549.13999455946,52081.97169507631,63016.308294042596,35321.63428860295,31966.079031185676,38677.18954602023,12758.602446065068,11546.535213688887,13970.669678441247
2023,5936,flare upstream,upstream oil,5.687905,5.377378,0.03486519987,0.03155300588235,0.038177393857650004,402.1522471561661,363.94778367633023,440.3567106360018,54055.82459700113,48920.52126028602,59191.127933716234,33177.5603903837,30025.692153297245,36329.42862747015,11984.136965253749,10845.643953554641,13122.629976952854
2023,5937,flare upstream,upstream oil,5.783858,5.428554,0.03572465571,0.03233081341755,0.03911849800244999,412.06563066396836,372.91939575089134,451.2118655770454,55388.34511342254,50126.45232764741,60650.23789919767,33995.41452977739,30765.850149448535,37224.97891010624,12279.555793786258,11112.997993376563,13446.113594195953
2023,5938,flare upstream,upstream oil,6.065229,5.437807,0.05019509765,0.045426563373250003,0.054963631926749995,578.9747768960857,523.9721730909575,633.9773807012139,77823.65809789757,70430.41057859731,85216.90561719786,47765.41909392707,43227.704280004,52303.13390785014,17253.448351503353,15614.370758110535,18892.525944896173
2023,5939,flare upstream,upstream oil,5.599908,5.455072,0.015695870984,0.01420476324052,0.01718697872748,181.04384345492247,163.84467832670484,198.24300858314007,24335.246950307057,22023.398490027885,26647.095410586222,14936.117085031103,13517.18596195315,16355.048208109056,5395.10653495669,4882.571414135804,5907.641655777574
2023,5940,flare upstream,upstream oil,5.524268,5.468135,0.05333909748,0.0482718832194,0.0584063117406,615.2392067977493,556.791482151963,673.6869314435354,82698.18926298972,74841.8612830057,90554.51724297373,50757.234560814315,45935.29727753695,55579.171844091674,18334.12836257293,16592.386168128498,20075.870557017355
2023,5941,flare upstream,upstream oil,5.534768,5.537946,0.007443950153,0.006736774888465,0.008151125417535,85.86215747821657,77.70525251778601,94.01906243864714,11541.27511902279,10444.853982715627,12637.696255329956,7083.627991952867,6410.683332717345,7756.572651188389,2558.692292850854,2315.6165250300232,2801.768060671685
2023,5943,flare upstream,upstream oil,5.900668,5.583204,0.13044091611,0.11804902907955,0.14283280314045,1504.5692475689063,1361.6351690498602,1647.5033260879527,202238.65940265145,183025.98675939956,221451.33204590334,124126.96292443477,112334.90144661347,135919.0244022561,44836.16357755341,40576.72803768583,49095.59911742099
2023,5944,flare upstream,upstream oil,6.062322,5.586799,0.10879542685,0.09845986129925001,0.11913099240075,1254.8996004950131,1135.684138447987,1374.1150625420391,168678.9845659206,152654.48103215813,184703.48809968305,103529.21704083859,93693.94142195892,113364.49265971823,37396.00809475139,33843.38732575001,40948.62886375277
2023,5945,flare upstream,upstream oil,5.005583,5.686087,0.0003057819422,0.00027673265769100004,0.000334831226709,3.52703829761544,3.1919696593419733,3.862106935888907,474.0915036806165,429.05281083095804,519.1301965302752,290.9806595532738,263.3374968957128,318.6238222108348,105.10574126894011,95.12069584839081,115.09078668948943
2023,5946,flare upstream,upstream oil,5.862173,5.690368,0.023285382664,0.021073271310920003,0.02549749401708,268.58497869322076,243.06940571736482,294.10055166907665,36102.20407892458,32672.49469142675,39531.91346642242,22158.260742190712,20053.225971682597,24263.295512698824,8003.832365057979,7243.468290377472,8764.196439738484
2023,5947,flare upstream,upstream oil,6.03915,5.717252,0.013225639916,0.01196920412398,0.01448207570802,152.55099159417745,138.05864739273062,167.04333579562433,20505.34269552698,18557.335139451916,22453.350251602045,12585.45680651964,11389.838409900276,13781.075203139007,4546.019549506488,4114.147692303372,4977.891406709605
2023,5948,flare upstream,upstream gas,6.013546,5.865763,0.09745959178,0.08820093056089999,0.1067182529991,1124.1465411754027,1017.3526197637395,1230.9404625870661,151103.6396807844,136748.7939111099,165458.48545045897,92742.08964697072,83931.59113050852,101552.58816343296,33499.566927027,30317.10806895944,36682.02578509457
2023,5949,flare upstream,upstream gas,5.447661,5.880271,0.05835846048,0.0528144067344,0.06390251422559999,673.1349916281523,609.1871674234777,737.0828158328266,90480.32752487708,81884.69641001376,99075.95863974039,55533.63680932257,50257.94131243691,60809.33230620819,20059.42275051894,18153.777589219637,21965.06791181823
2023,5950,flare upstream,upstream gas,5.434027,5.884532,0.09476381226,0.0857612500953,0.10376637442469999,1093.0521032875417,989.2121534752256,1196.8920530998582,146924.03980960467,132966.25602769226,160881.82359151714,90176.7985212222,81610.00266170611,98743.5943807383,32572.952677968744,29478.522173561723,35667.38318237578
2023,5951,flare upstream,upstream oil,5.538528,5.894904,0.017063368548,0.015442348535939999,0.018684388560059998,196.81722838871667,178.1195916917886,215.51486508564477,26455.44728565681,23942.179793519415,28968.71477779421,16237.421342069125,14694.866314572559,17779.976369565695,5865.153405983757,5307.9638324153,6422.342979552214
2023,5952,flare upstream,upstream oil,5.51595,5.937901,0.07299973688,0.06606476187640001,0.07993471188359999,842.0146259755502,762.0232365078729,922.0060154432273,113180.50626773918,102428.35817230395,123932.65436317438,69466.20664298288,62866.91701189951,76065.49627406624,25092.035854071397,22708.29244793461,27475.779260208175
2023,5953,flare upstream,upstream oil,5.548489,6.013588,0.0259216343,0.0234590790415,0.0283841895585,298.9927928873035,270.58847756300963,327.3971082115973,40189.51052089316,36371.50702140831,44007.51402037802,24666.905413202538,22323.549398948293,27010.26142745678,8909.985228041643,8063.536631377688,9756.4338247056
2023,5954,flare upstream,upstream oil,5.521948,6.058814,0.03220992749,0.02914998437845,0.03526987060155,371.5250384090417,336.23015976018274,406.8199170579006,49939.02794688223,45194.82029192841,54683.23560183603,30650.81566874594,27738.988180215078,33562.643157276805,11071.446144589443,10019.658760853446,12123.23352832544
2023,5955,flare upstream,upstream oil,5.651697,6.069818,0.005153476857,0.004663896555585001,0.005643057158415,59.44271957245044,53.79566121306766,65.08977793183323,7990.071535095337,7231.014739261281,8749.128330929392,4904.024364727162,4438.142050078082,5369.906679376241,1771.3930432590232,1603.1107041494163,1939.6753823686302
2023,5956,flare upstream,upstream oil,5.489705,6.135853,0.020779605113,0.018805542627265002,0.022753667598735,239.68211633288732,216.91231528126303,262.4519173845116,32217.187722184593,29156.55488857706,35277.82055579213,19773.774597463205,17895.2660107042,21652.283184222208,7142.527066720042,6463.986995381639,7821.067138058446
2023,5957,flare upstream,upstream oil,5.35626,6.144249,0.005892291867,0.005332524139635,0.0064520595943649995,67.96457281327642,61.50793839601517,74.42120723053769,9135.547675748581,8267.670646552468,10003.424704944699,5607.077257095305,5074.4049176712515,6139.749596519359,2025.3442698356373,1832.9365642012522,2217.7519754700234
2023,5958,flare upstream,upstream oil,5.45916,6.179995,0.019222487169,0.017396350887945,0.021048623450055003,221.72155730550006,200.6580093614775,242.78510524952264,29802.995496941312,26971.71092473188,32634.280069150744,18292.028477703756,16554.285772321895,20029.771183085617,6607.302407703902,5979.608678972029,7234.996136435775
2023,5959,flare upstream,upstream oil,5.882697,6.218374,0.023573453006,0.021333974970430002,0.025812931041569998,271.9077227419083,246.07648908142698,297.73895640238953,36548.83510174425,33076.69576707854,40020.974436409946,22432.387126207435,20301.310349217725,24563.46390319714,8102.850137708867,7333.079374626524,8872.620900791208
2023,5960,flare upstream,upstream oil,5.32713,6.241829,0.023566114756,0.02132733385418,0.02580489565782,271.82307978163,245.99988720237508,297.6462723608848,36537.45770662453,33066.399224495195,40008.516188753856,22425.404081984474,20294.990694195945,24555.817469772996,8100.327777492574,7330.796638630777,8869.858916354367
2023,5961,flare upstream,upstream oil,6.042006,6.276602,0.019534186676,0.017678438941780002,0.02138993441022,225.316851686284,203.911750776087,246.72195259648095,30286.26173204647,27409.066867502053,33163.456596590884,18588.64026411843,16822.719439027176,20354.561089209677,6714.442180251263,6076.570173127392,7352.314187375132
2023,5962,flare upstream,upstream oil,5.018309,6.300313,0.03032487783,0.02744401443615,0.03320574122385,349.78195477273476,316.552669069325,383.0112404761446,47016.40268852898,42549.84443311872,51482.96094393922,28857.01126875062,26115.595198219315,31598.42733928193,10423.502252227496,9433.269538265886,11413.73496618911
2023,5963,flare upstream,upstream oil,5.568409,6.305209,0.05306640811,0.04802509933955,0.058107716880449994,612.0938743938052,553.9449563263937,670.2427924612166,82275.405260341,74459.2417606086,90091.56876007338,50497.74463748893,45700.45889692748,55295.03037805037,18240.397456935396,16507.559698526533,19973.235215344255
2023,5964,flare upstream,upstream oil,5.685008,6.359505,0.08494993024,0.0768796868672,0.0930201736128,979.8539939296651,886.7678645063469,1072.9401233529832,131708.36667229814,119196.07183842981,144220.66150616648,80837.95449919737,73158.34882177362,88517.5601766211,29199.64901910402,26425.68236228914,31973.6156759189
2023,5965,flare upstream,upstream oil,5.679562,6.378578,0.0020277140459,0.0018350812115395,0.0022203468802604997,23.388644355670696,21.166723141881974,25.61056556945941,3143.815472354723,2845.153002481024,3442.4779422284214,1929.5631593428325,1746.254659205263,2112.8716594804014,696.9816017989867,630.7683496280829,763.1948539698905
2023,5966,flare upstream,upstream oil,5.712151,6.382759,0.01540005145,0.013937046562250002,0.01686305633775,177.63171644018092,160.75670337836374,194.50672950199808,23876.601398240968,21608.32426540808,26144.878531073853,14654.616606314927,13262.428028715009,16046.805183914841,5293.4251499173915,4790.54976067524,5796.3005391595425
2023,5967,flare upstream,upstream oil,5.666898,6.393953,0.03869694049,0.03502073114345,0.042373149836549995,446.34941529511804,403.94622084208186,488.75260974815427,59996.64523271326,54296.963935605505,65696.32652982102,36823.82676184724,33325.563219471755,40322.09030422273,13301.212575794518,12037.59738109404,14564.827770494998
2023,5968,flare upstream,upstream oil,5.733289,6.394834,0.018543552279,0.016781914812495,0.020305189745505003,213.89039062054556,193.57080351159374,234.20997772949738,28750.358900464966,26019.074804920798,31481.642996009137,17645.95722619501,15969.591289706483,19322.323162683533,6373.933640492258,5768.409944645494,6979.457336339022
2023,5969,flare upstream,upstream oil,5.715824,6.421277,0.02538065851,0.02296949595155,0.02779182106845,292.7529138555823,264.94138703930196,320.56444067186254,39350.768952667524,35612.445902164116,43089.09200317094,24152.115393085536,21857.66443074241,26446.56635542866,8724.036832896352,7895.253333771198,9552.820332021503
2023,5970,flare upstream,upstream gas,5.823167,6.442149,0.03187031328,0.0288426335184,0.034897993041599996,367.6077622073589,332.6850247976598,402.53049961705796,49412.48210074166,44718.296301171205,54106.66790031211,30327.64038210711,27446.514545806935,33208.76621840728,10954.711313779297,9914.013738970263,11995.408888588327
2023,5971,flare upstream,upstream oil,5.718239,6.487341,0.04716469393,0.04268404800665,0.05164533985335,544.0206200195313,492.3386611176758,595.7025789213867,73125.24900925867,66178.3503533791,80072.14766513825,44881.701151611334,40617.93954220825,49145.4627610144,16211.814476582033,14671.69210130674,17751.936851857325
2023,5972,flare upstream,upstream oil,5.099698,6.50695,0.03291762832,0.029790453629600002,0.0360448030104,379.6880054982875,343.6176449759501,415.7583660206247,51036.26393222788,46187.81885866623,55884.70900578952,31324.26045360872,28348.455710515882,34300.06519670154,11314.702563848969,10239.805820283313,12389.599307414615
2023,5973,flare upstream,upstream oil,5.659657,6.516614,0.1256543224,0.11371716177199999,0.13759148302799998,1449.358337438533,1311.6692953818724,1587.0473794951936,194817.41211396153,176309.75796313517,213325.0662647879,119572.06283867898,108212.71686900448,130931.40880835347,43190.87845566829,39087.7450023798,47294.01190895677
2023,5976,flare upstream,upstream oil,5.803244,6.561188,0.012391310244,0.01121413577082,0.01356848471718,142.92742558236824,129.34932015204325,156.5055310126932,19211.77837999548,17386.659433895904,21036.897326095048,11791.51261054538,10671.318912543567,12911.70630854719,4259.237282354574,3854.6097405308888,4663.864824178258
2023,5978,flare upstream,upstream oil,5.687054,6.590768,0.04542934457,0.04111355683585,0.04974513230415,524.0042527729031,474.2238487594773,573.7846567863289,70434.72261134768,63743.42396326965,77126.02125942572,43230.3508537645,39123.46752265687,47337.23418487213,15615.326732632513,14131.870693032422,17098.782772232604
2023,5981,flare upstream,upstream oil,5.250582,6.600014,0.08152707691,0.07378200460355,0.08927214921644999,940.3731315374234,851.0376840413684,1029.7085790334788,126401.4944926567,114393.35251585433,138409.63646945907,77580.78335183744,70210.60893341289,84950.957770262,28023.119319815218,25360.92298443278,30685.315655197668
2023,5982,flare upstream,upstream oil,5.237491,6.627402,0.024186783941,0.021889039466605,0.026484528415395,278.9821813619742,252.47887413258664,305.48548859136173,37499.75778585031,33937.28079619452,41062.23477550608,23016.02996236287,20829.5071159384,25202.552808787343,8313.66900458683,7523.870449151082,9103.46756002258
2023,5984,flare upstream,upstream gas,5.386319,6.657344,0.13322269992,0.1205665434276,0.14587885641239998,1536.6557009512296,1390.673409360863,1682.6379925415963,206551.60234463424,186929.20012189407,226174.0045673745,126774.09532847644,114730.55627227119,138817.6343846817,45792.33988834664,41442.06759895372,50142.612177739575
2023,5985,flare upstream,upstream oil,5.247509,6.660768,0.003504102434,0.00317121270277,0.00383699216523,40.41802924844356,36.578316469841425,44.25774202704571,5432.842698406957,4916.7226420582965,5948.962754755618,3334.487412996594,3017.711108761918,3651.263717231271,1204.4572716036182,1090.0338308012745,1318.8807124059622
2023,5986,flare upstream,upstream oil,5.541342,6.667515,0.0015143418171,0.0013704793444755002,0.0016582042897245,17.46715828333259,15.807778246415996,19.12653832024918,2347.8711136114184,2124.8233578183335,2570.918869404502,1441.0405583749387,1304.1417053293196,1577.9394114205572,520.5213168433112,471.0717917431967,569.9708419434255
2023,5987,flare upstream,upstream oil,5.634705,6.669688,0.0652575896,0.059058118588,0.071457060612,752.7129171634618,681.2051900329329,824.2206442939905,101176.8993206315,91565.09388517152,110788.70475609148,62098.8156659856,56199.42817771697,67998.20315425422,22430.84493147116,20299.914662981402,24561.775199960917
2023,5988,flare upstream,upstream oil,5.533665,6.675205,0.011255495909,0.010186223797645,0.012324768020354999,129.8263881904826,117.49288131238677,142.15989506857844,17450.785163365468,15792.960572845754,19108.609753885186,10710.677025714813,9693.162708271908,11728.191343157721,3868.826368076381,3501.2878631091257,4236.364873043637
2023,5989,flare upstream,upstream oil,5.54635,6.683414,0.000445901423,0.000403540787815,0.000488262058185,5.143244838354691,4.654636578710996,5.631853097998386,691.3360370545669,625.6591135343831,757.0129605747509,424.31769916426197,384.00751774365716,464.62788058486683,153.2686961829698,138.70817004558768,167.8292223203519
2023,5990,flare upstream,upstream oil,5.459174,6.695155,0.06331970454,0.05730433260869999,0.0693350764713,730.3604042131504,660.9761658129012,799.7446426133997,98172.35681741625,88845.98291976172,107498.73071507081,60254.73334758491,54530.533679564345,65978.93301560548,21764.740045551884,19697.089741224456,23832.39034987931
2023,5997,flare upstream,upstream oil,5.619228,6.814773,0.008552701022,0.00774019442491,0.00936520761909,98.65103163259558,89.27918362749904,108.02287963769218,13260.308502451278,12000.57919471841,14520.037810184152,8138.710109689135,7365.532649268671,8911.887570109606,2939.800742651348,2660.5196720994713,3219.0818132032273
2023,5998,flare upstream,upstream oil,5.50379,6.83201,0.0759479522,0.068732896741,0.083163007659,876.0207816969868,792.7988074357729,959.2427559582005,117751.4885310372,106565.09712058867,128937.87994148576,72271.71449000141,65405.901613451264,79137.52736655154,26105.419294570205,23625.404461586033,28585.434127554377
2023,5999,flare upstream,upstream oil,5.304252,6.838937,0.002676817482,0.00242251982121,0.00293111514279,30.875720478501588,27.942527033043934,33.80891392395924,4150.200682190388,3755.9316173822995,4544.469746998474,2547.246939476381,2305.2584802261244,2789.235398726637,920.0964702593474,832.6873055847093,1007.5056349339853
2023,6002,flare upstream,upstream oil,5.143609,6.92044,0.009348431499,0.008460330506595,0.010236532491405,107.8293756733406,97.58558498437324,118.07316636230793,14494.02771965306,13117.095086286019,15870.9603530201,8895.9234930506,8050.810761210792,9741.036224890404,3213.31539506555,2908.0504325343227,3518.5803575967766
2023,6003,flare upstream,upstream oil,5.00812,7.019253,0.011965515626,0.01082879164153,0.013102239610469999,138.01610245517628,124.90457272193454,151.127632188418,18551.616405568937,16789.212847039893,20314.019964097988,11386.328452552043,10304.6272495596,12468.029655544486,4112.879853164253,3722.1562671136494,4503.603439214857
2023,6028,flare upstream,upstream oil,4.554708,4.615939,0.006829679922,0.00618086032941,0.0074784995145899995,78.77686455923502,71.2930624261077,86.26066669236235,10588.896128341405,9582.950996148973,11594.841260533842,6499.09132613689,5881.677650153885,7116.505002119894,2347.550563865204,2124.5332602980093,2570.567867432398
2023,6029,flare upstream,upstream oil,4.80274,5.312097,0.04211480381,0.03811389744805,0.04611571017194999,485.77272047437015,439.62431202930514,531.9211289194353,65295.780783673275,59092.681609224324,71498.87995812224,40076.249439135536,36269.00574241768,43883.493135853416,14476.027070136231,13100.804498473293,15851.249641799173
2023,6030,flare upstream,upstream oil,4.992745,5.555211,0.01362125965,0.01232723998325,0.01491527931675,157.1142628687048,142.18840789617784,172.04011784123173,21118.720821221235,19112.44234320522,23124.999299237246,12961.926686668146,11730.543651434671,14193.309721901618,4682.005033487403,4237.2145553061,5126.795511668705
2023,6031,flare upstream,upstream oil,3.465488,5.561498,0.07549503541,0.06832300704605,0.08266706377394999,870.7966181886059,788.0709394606884,953.5222969165233,117049.27570424821,105929.59451234461,128168.95689615175,71840.72100055998,65015.85250550679,78665.58949561317,25949.739222020457,23484.513995928515,28414.964448112394
2023,6032,flare upstream,upstream oil,4.937878,5.60743,0.0368732386,0.033370280933,0.040376196266999995,425.31394680673833,384.9091218600982,465.7187717533785,57169.13499756085,51738.06717279257,62600.202822329135,35088.40061155591,31755.0025534581,38421.79866965373,12674.355614840802,11470.291831430926,13878.41939825068
2023,6033,flare upstream,upstream oil,4.878871,5.615932,0.01055680645,0.00955390983725,0.011559703062749999,121.76736265645872,110.19946320409514,133.3352621088223,16367.520619226847,14812.606160400293,17922.435078053393,10045.807419157843,9091.45571433785,11000.159123977839,3628.6674071624698,3283.944003482035,3973.3908108429046
2023,6034,flare upstream,upstream oil,4.78362,5.651498,0.016685947674,0.015100782644970001,0.01827111270303,192.46387165567975,174.17980384839018,210.7479394629693,25870.28509985946,23412.608015372814,28327.962184346106,15878.26941159358,14369.83381749219,17386.705005694967,5735.423375339256,5190.558154682028,6280.288595996485
2023,6035,flare upstream,upstream oil,4.99815,5.686305,0.0014963161398,0.0013541661065190002,0.001638466173081,17.259241315704806,15.619613390712852,18.89886924069676,2319.9236802393416,2099.530930616604,2540.3164298620786,1423.8874085456464,1288.6181047338102,1559.1567123574828,514.3253912080032,465.464479043243,563.1863033727635
2023,6036,flare upstream,upstream oil,4.507444,5.740225,0.008717224587,0.007889088251235,0.009545360922764999,100.54872680203657,90.9965977558431,110.10085584823005,13515.389701035365,12231.427679437007,14799.351722633724,8295.269961168016,7507.219314857056,9083.32060747898,2996.3520587006897,2711.698613124124,3281.0055042772556
2023,6037,flare upstream,upstream oil,4.912793,5.7733,0.008261900851,0.007477020270155001,0.009046781431845001,95.29680040268448,86.24360436442944,104.34999644093952,12809.445088647084,11592.547805225608,14026.342372068557,7861.986033221469,7115.097360065429,8608.87470637751,2839.8446519999975,2570.0594100599974,3109.6298939399976
2023,6038,flare upstream,upstream oil,4.367052,5.791066,0.00013682636773,0.00012382786279565002,0.00014982487266435,1.5782221658847302,1.4282910601256813,1.7281532716437795,212.1388135400256,191.98562625372318,232.29200082632804,130.20332868549025,117.83401246036871,142.5726449106118,47.03102054336496,42.5630735917453,51.49896749498463
2023,6039,flare upstream,upstream oil,4.326705,5.821855,0.03018633167,0.02731863016135,0.03305403317865,348.18389568267924,315.1064255928247,381.26136577253374,46801.5974686687,42355.44570914517,51247.74922819222,28725.171393821038,25996.280111408036,31454.062676234033,10375.88009134384,9390.171482666176,11361.588700021506
2023,6040,flare upstream,upstream oil,3.935901,5.870885,0.10515448073,0.09516480506065,0.11514415639935,1212.9031493232985,1097.677350137585,1328.1289485090117,163033.97620332113,147545.74846400562,178522.2039426366,100064.50981917213,90558.38138635077,109570.63825199347,36144.5138498343,32710.785034100038,39578.24266556855
2023,6041,flare upstream,upstream oil,4.555977,5.921273,0.024661862246,0.022318985332630003,0.02700473915937,284.4619666103957,257.4380797824081,311.4858534383833,38236.330345900875,34603.8789630403,41868.78172876146,23468.112245357643,21238.64158204867,25697.58290866662,8476.966604989791,7671.654777515762,9282.278432463821
2023,6042,flare upstream,upstream oil,4.338384,5.925756,0.03789912595,0.03429870898475,0.04149954291525,437.1470326536541,395.61806455155687,478.6760007557512,58759.69483529749,53177.52382594422,64341.865844650754,36064.63019392646,32638.49032550344,39490.770062349475,13026.981573078892,11789.418323636395,14264.544822521386
2023,6043,flare upstream,upstream oil,4.813757,5.962058,0.04146316721,0.03752416632505,0.04540216809495,478.25642560165136,432.82206516949435,523.6907860338081,64285.46809704231,58178.34862782328,70392.58756626131,39456.155112136235,35707.82037648329,43204.48984778917,14252.041482929211,12898.097542050931,15605.98542380748
2023,6045,flare upstream,upstream oil,4.660939,6.077412,0.0005795603085,0.0005245020791925,0.0006346185378074999,6.684931716864866,6.049863203762705,7.320000229967027,898.5639117651172,813.2003401474313,983.9274833828032,551.5068666413514,499.1137143104231,603.9000189722798,199.21096516257302,180.28592347212862,218.13600685301742
2023,6046,flare upstream,upstream oil,4.800523,6.089992,0.000805827909,0.000729274257645,0.000882381560355,9.294812754088035,8.41180554244967,10.177819965726398,1249.3745128865135,1130.6839341622947,1368.0650916107322,766.8220522122629,693.9739572520978,839.6701471724278,276.98542007182346,250.6718051650002,303.29903497864666
2023,6047,flare upstream,upstream oil,4.628884,6.263863,0.04082796829,0.03694931130245,0.044706625277550004,470.9297309599559,426.19140651876006,515.6680554011517,63300.64077547948,57287.07990180893,69314.20164915004,38851.702804196364,35160.7910377977,42542.61457059502,14033.705982606687,12700.50391425905,15366.908050954322
2023,6048,flare upstream,upstream oil,4.451709,6.283525,0.003988133404,0.00360926073062,0.00436700607738,46.00107890840465,41.63097641210621,50.371181404703094,6183.29568050358,5595.882590855741,6770.708770151419,3795.0890099433836,3434.555553998762,4155.6224658880055,1370.8321514704587,1240.603097080765,1501.0612058601523
2023,6049,flare upstream,upstream oil,4.452695,6.325412,0.010778539012,0.00975457780586,0.01180250021814,124.32493434422987,112.51406558152803,136.13580310693172,16711.299990164254,15123.72649109865,18298.87348922986,10256.807083398964,9282.410410476063,11231.203756321867,3704.8830434580505,3352.9191543295356,4056.8469325865653
2023,6050,flare upstream,upstream oil,4.433532,6.324864,0.013794354291,0.012483890633355001,0.015104817948644999,159.11082101575087,143.99529301925455,174.22634901224723,21387.090817305147,19355.317189661164,23418.864444949144,13126.642733799446,11879.6116740885,14373.673793510396,4741.502466269376,4291.059731973785,5191.945200564967
2023,6051,flare upstream,upstream oil,4.441572,6.361621,0.012877513336,0.011654149569080001,0.01410087710292,148.53552955857174,134.42465425050742,162.64640486663603,19965.59907104754,18068.867159298024,21862.33098279705,12254.181188582168,11090.033975666862,13418.328401497472,4426.358780845438,4005.854696665121,4846.862865025754
2023,6053,flare upstream,upstream oil,3.940371,6.397509,0.06329827685,0.057284940549250006,0.06931161315075,730.1132467691377,660.7524883260699,799.4740052122061,98139.1348236667,88815.91701541838,107462.35263191507,60234.34285845386,54512.08028690076,65956.605430007,21757.374753720305,19690.42415211688,23824.32535532374
2023,6054,flare upstream,upstream oil,4.539758,6.503617,0.003290559359,0.002977956219895,0.003603162498105,37.9549191043431,34.349201789430495,41.56063641925568,5101.760500423154,4617.0932528829535,5586.427747963352,3131.2808261083055,2833.809147628016,3428.7525045885936,1131.0565893094245,1023.6062133250288,1238.5069652938193
2023,6055,flare upstream,upstream oil,4.655617,6.615102,0.05208161496,0.047133861538800004,0.0570293683812,600.7347891244483,543.6649841576258,657.804594091271,80748.55883527479,73077.44574592369,88419.6719246259,49560.62010276698,44852.36119300413,54268.87901252986,17901.89671590856,16201.216527897248,19602.57690391988
2023,6057,flare upstream,upstream oil,4.929127,6.654539,0.003080245114,0.00278762182817,0.00337286839983,35.52905186276509,32.15379193580241,38.90431178972778,4775.684356292024,4321.994342444282,5229.374370139766,2931.1467786781195,2652.6878347036986,3209.6057226525418,1058.7657455103997,958.1829996869118,1159.3484913338878
2023,6058,flare upstream,upstream oil,4.549419,6.665917,0.023952400236,0.02167692221358,0.02622787825842,276.27868521068314,250.03221011566822,302.5251603056981,37136.363785726506,33608.409226082484,40664.31834537052,22792.991529881358,20627.65733454263,24958.325725220093,8233.104819278358,7450.959861446913,9015.249777109802
2023,6059,flare upstream,upstream oil,4.559942,6.71025,0.023675014386,0.02142588801933,0.02592414075267,273.07918131216087,247.13665908750556,299.02170353681623,36706.298250201144,33219.19991643204,40193.396583970265,22529.03245825327,20388.77437471921,24669.29054178734,8137.759603102394,7364.672440807666,8910.846765397124
2023,6060,flare upstream,upstream oil,4.900867,6.715739,0.0014627862079,0.0013238215181495,0.0016017508976504998,16.872490701600892,15.269604084948808,18.475377318252974,2267.938086458324,2052.4839682447837,2483.392204671865,1391.9804828820736,1259.7423370082768,1524.2186287558704,502.8002229077066,455.03420173147447,550.5662440839386
2023,6066,flare upstream,upstream gas,3.142092,6.823315,0.07514191882,0.0680034365321,0.0822804011079,866.723598940011,784.3848570407099,949.0623408393118,116501.79545108737,105434.12488323406,127569.46601894064,71504.6969125509,64711.75070585857,78297.64311924322,25828.36324841233,23374.668739813154,28282.05775701149
2023,6067,flare upstream,upstream oil,4.554452,6.900648,0.00010350630978,0.0000936732103509,0.0001133394092091,1.1938923404447774,1.0804725681025233,1.3073121127870313,160.47861325943236,145.2331449997863,175.72408151907845,98.49611808669414,89.13898686845818,107.85324930493009,35.577991745254366,32.1980825294552,38.95790096105353
2023,6069,flare upstream,upstream oil,4.562055,6.967275,0.0017425613921,0.0015770180598505,0.0019081047243495,20.0995543479898,18.19009668493077,22.009012011048828,2701.7081018346585,2445.045832160367,2958.370371508951,1658.2132337091584,1500.6829765067885,1815.7434909115284,598.966719570096,542.064881210937,655.8685579292551
2023,6070,flare upstream,upstream oil,4.933396,6.976381,0.021320052549,0.019294647556845002,0.023345457541155,245.91590107146848,222.553890469679,269.27791167325796,33055.11011796161,29914.87465675526,36195.34557916796,20288.06183839615,18360.695963748516,22215.42771304378,7328.293851929761,6632.105935996435,8024.481767863087
2023,6071,flare upstream,upstream oil,3.854582,6.980663,0.05337050519,0.04830030719695,0.05844070318305,615.6014786677407,557.1193381943053,674.083619141176,82746.88451410212,74885.9304852624,90607.83854294181,50787.121990088606,45962.34540103019,55611.89857914702,18344.924064298673,16602.156278190298,20087.691850407045
2023,6072,flare upstream,upstream oil,4.556566,7.003637,0.01515055095,0.01371124860975,0.01658985329025,174.75385579071644,158.1522394905984,191.35547209083452,23489.769964170544,21258.24181757434,25721.298110766747,14417.193102734107,13047.559757974368,15786.826447493848,5207.664902563351,4712.936736819832,5702.393068306869
2023,6073,flare upstream,upstream oil,4.930162,7.016104,0.03123540789,0.02826804414045,0.03420277163955,360.28445328407463,326.0574302220875,394.51147634606167,48428.10987498364,43827.439436860186,53028.780313107076,29723.467395936157,26899.73799332222,32547.19679855009,10736.476707865424,9716.511420618206,11756.441995112638
2023,6075,flare upstream,upstream oil,4.55154,7.04505,0.005980585691,0.005412430050355001,0.006548741331645,68.98299691134575,62.42961220476789,75.53638161792357,9272.440493829034,8391.558646915275,10153.32234074279,5691.097245186024,5150.443006893351,6231.751483478694,2055.6933079581036,1860.4024437020832,2250.9841722141223
2023,6076,flare upstream,upstream oil,4.653911,7.059694,0.012077849557,0.010930453849085,0.013225245264915,139.31181689111753,126.07719428646134,152.54643949577365,18725.781570061587,16946.832320905738,20504.730819217435,11493.224893517196,10401.36852863306,12585.081258401326,4151.492143355303,3757.100389736548,4545.8838969740555
2023,6078,flare upstream,upstream oil,4.653567,7.078486,0.0003013936687,0.0002727612701735,0.0003300260672265,3.4764218073689763,3.1461617356689238,3.8066818790690293,467.28782139902484,422.8954783661175,511.6801644319324,286.80479910794054,259.5583431926862,314.0512550231949,103.5973698595955,93.75561972293393,113.43911999625708
2023,6080,flare upstream,upstream oil,4.982158,7.117882,0.013274688779,0.012013593344995,0.014535784213004999,153.11674514067803,138.57065435231362,167.66283592904244,20581.389204507173,18626.157230078996,22536.621178935355,12632.131474105938,11432.078984065874,13832.183964146001,4562.879005192205,4129.405499698946,4996.352510685465
2023,6081,flare upstream,upstream oil,4.892484,7.12021,0.08530744978,0.0772032420509,0.09341165750910001,983.9777989544272,890.4999080537566,1077.4556898550977,132262.67336253083,119697.7193930904,144827.62733197125,81178.16841374023,73466.24241443492,88890.09441304556,29322.53840884193,26536.897260001948,32108.179557681913
2023,6084,flare upstream,upstream oil,4.980562,7.181949,0.026417347764,0.02390769972642,0.028926995801579997,304.7105941400277,275.7630876967251,333.65810058333034,40958.07631602038,37067.059065998445,44849.09356604231,25138.624016552283,22750.454734979823,27526.793298124754,9080.375705372826,8217.740013362409,9943.011397383245
2023,6085,flare upstream,upstream oil,4.468794,7.19664,0.008281127066,0.00749441999473,0.00906783413727,95.5185649586138,86.44430128754549,104.59282862968209,12839.253863860744,11619.524746793972,14058.982980927512,7880.281609085638,7131.6548562225025,8628.908361948772,2846.4532357666913,2576.0401783688553,3116.8662931645263
2023,6086,flare upstream,upstream oil,4.865932,7.247816,0.009973679752,0.00902618017556,0.010921179328439999,115.04129446089857,104.11237148711322,125.97021743468393,15463.427293433546,13994.401700557359,16932.452886309733,9490.906793024133,8589.27064768684,10392.542938361425,3428.2305749347775,3102.548670315974,3753.9124795535813
2023,6087,flare upstream,upstream oil,4.84229,7.254771,0.04693574053,0.04247684517965,0.051394635880349995,541.3797596588462,489.9486824912559,592.8108368264366,72770.27428152347,65857.09822477875,79683.45033826819,44663.83017185481,40420.76630552861,48906.89403818102,16133.116837833617,14600.470738239426,17665.76293742781
2023,6088,flare upstream,upstream oil,4.935473,7.28347,0.022974710512,0.02079211301336,0.02515730801064,265.0015343268758,239.82638856582255,290.17668008792896,35620.530679136195,32236.580264618246,39004.48109365412,21862.62658196725,19785.67705668036,23939.57610725414,7897.045722940899,7146.826379261513,8647.265066620283
2023,6089,flare upstream,upstream oil,3.989583,7.290281,0.0807823913,0.0731080641265,0.0884567184735,931.783563928375,843.2641253551794,1020.3030025015707,125246.91643590771,113348.45937449648,137145.37349731894,76872.14402409093,69569.2903418023,84174.99770637958,27767.150205065576,25129.270935584347,30405.02947454681
2023,6090,flare upstream,upstream oil,3.575617,7.394168,0.19327512203,0.17491398543715,0.21163625862285,2229.3296735300405,2017.5433545446865,2441.1159925153943,299658.2877589471,271190.7504218472,328125.82509604713,183919.69806622833,166447.32674993665,201392.06938252,66434.02427119522,60122.79196543166,72745.25657695875
2023,6092,flare upstream,upstream oil,4.459638,7.468476,0.10657399181,0.09644946258805001,0.11669852103195,1229.2764835595458,1112.495217621389,1346.0577494977028,165234.81951527944,149537.5116613279,180932.127369231,101415.30989366253,91780.85545376458,111049.76433356048,36632.439210074466,33152.35748511739,40112.52093503155
2023,6093,flare upstream,upstream oil,4.016961,7.492235,0.27396182255,0.24793544940775003,0.29998819569225,3160.0094932563848,2859.8085913970294,3460.210395115742,424756.84296249365,384404.9428810569,465108.74304393074,260700.78319365173,235934.20879025492,285467.3575970487,94168.28289904026,85222.29602363148,103114.26977444912
2023,6094,flare upstream,upstream oil,4.013044,7.507747,0.009334254,0.00844749987,0.01022100813,107.66584547408277,97.4375901540449,117.89410079412066,14472.046592281762,13097.202166014993,15846.891018548533,8882.432251611828,8038.601187708704,9726.263315514954,3208.4421951276668,2903.640186590538,3513.244203664796
2023,6095,flare upstream,upstream oil,4.135627,7.516059,0.05671704072,0.0513289218516,0.0621051595884,654.2020542730871,592.052859117144,716.3512494290304,87935.43178449846,79581.56576497112,96289.29780402583,53971.669477529686,48844.36087716438,59098.97807789501,19495.221217337996,17643.17520169089,21347.26723298511
2023,6096,flare upstream,upstream oil,4.106433,7.624984,0.014025978814,0.012693510826670001,0.01535844680133,161.78249141397725,146.41315472964945,177.1518280983051,21746.206916863943,19680.31725976187,23812.09657396602,13347.055541653124,12079.08526519608,14615.025818110169,4821.118244136523,4363.112010943553,5279.124477329492
2023,6097,flare upstream,upstream oil,4.312214,7.642297,0.0027862484013,0.0025215548031765,0.0030509419994235,32.13795015935671,29.08484489421783,35.191055424495595,4319.864949173676,3909.4777790021776,4730.252119345174,2651.380888146929,2399.499703772971,2903.2620725208867,957.7109147488301,866.7283778476914,1048.6934516499687
2023,6098,flare upstream,upstream gas,4.304656,7.659972,0.21173052725,0.19161612716125,0.23184492733874998,2442.2033329117226,2210.194016285109,2674.2126495383354,328271.98138923413,297086.1431572569,359457.81962121127,201481.7749652171,182341.00634352147,220622.54358691268,72777.65932076934,65863.78168529624,79691.5369562424
2023,6099,flare upstream,upstream oil,4.034935,7.68653,0.012294093108,0.01112615426274,0.01346203195326,141.80607564460047,128.33449845836338,155.27765283083744,19061.050649449455,17250.250837751755,20871.850461147144,11699.00124067954,10587.596122814979,12810.406358544089,4225.821054209094,3824.368054059229,4627.274054358956
2023,6100,flare upstream,upstream oil,4.516117,7.758633,0.012755786445,0.011543986732725001,0.013967586157275,147.1314721334742,133.15398228079414,161.1089619861542,19776.870840801654,17898.068110925495,21655.673570677805,12138.346451011623,10985.203538165517,13291.489363857723,4384.517869577531,3967.9886719676656,4801.047067187395
2023,6101,flare upstream,upstream oil,3.978686,7.757851,0.015363037317,0.013903548771885,0.016822525862115,177.20477734853682,160.37032350042585,194.03923119664782,23819.213817257107,21556.388504617684,26082.039129896533,14619.394131254288,13230.551688785134,16008.236573723445,5280.702364986398,4779.035640312691,5782.369089660105
2023,6102,flare upstream,upstream oil,3.955428,7.758474,0.009499687508,0.00859721719474,0.01040215782126,109.5740363705983,99.16450291539144,119.98356982580515,14728.538587860694,13329.327422013925,16127.749753707465,9039.858000574359,8181.071490519794,9898.644510628925,3265.306283843829,2955.1021868786647,3575.5103808089934
2023,6103,flare upstream,upstream oil,3.953956,7.775159,0.011099660832,0.01004519305296,0.012154128611039998,128.02891028601118,115.86616380884016,140.19165676318224,17209.17480060313,15574.303194545835,18844.046406660425,10562.385098595923,9558.958514229313,11565.811682962534,3815.2615265231334,3452.811681503437,4177.71137154283
2023,6104,flare upstream,upstream oil,4.242586,7.79453,0.009186960646,0.00831419938463,0.01005972190737,105.9668919753754,95.90003723771473,116.03374671303605,14243.679517438775,12890.529963282092,15596.82907159546,8742.26858796847,7911.753072111465,9572.784103825474,3157.813380866187,2857.821109683899,3457.8056520484743
2023,6105,flare upstream,upstream oil,4.105416,7.799997,0.028613950166,0.02589562490023,0.03133227543177,330.047279297913,298.6927877646113,361.4017708312147,44363.7402615764,40149.18493672665,48578.29558642615,27228.900542077823,24642.15499058043,29815.646093575215,9835.408923077808,8901.045075385417,10769.7727707702
2023,6106,flare upstream,upstream oil,4.403707,7.828674,0.03992360236,0.0361308601358,0.0437163445842,460.4983325352499,416.75099094440117,504.24567412609866,61898.49060092539,56018.13399383747,67778.84720801329,37991.112434158116,34381.956752913095,41600.26811540314,13722.850309550447,12419.179530143156,15026.521088957741
2023,6107,flare upstream,upstream oil,4.146253,7.972354,0.14780967327,0.13376775430935,0.16185159223065,1704.908977392568,1542.942624540274,1866.8753302448613,229167.5883636105,207396.66746906753,250938.50925815347,140654.99063488687,127292.76652457261,154017.21474520105,50806.287526298525,45979.69021130016,55632.884841296865
2023,6108,flare upstream,upstream oil,4.365105,7.998084,0.004792845899,0.004337525538595,0.0052481662594049995,55.283025932530386,50.03113846893999,60.53491339612076,7430.940829331898,6725.001450545369,8136.880208118428,4560.849639433757,4127.56892368755,4994.130355179963,1647.4341727894055,1490.9279263744118,1803.9404192043985
2023,6109,flare upstream,upstream oil,4.605996,8.015763,0.0087090351,0.0078816767655,0.009536393434499999,100.45426525836591,90.91111005882117,109.99742045791068,13502.692528081756,12219.936737913995,14785.448318249526,8287.476883815187,7500.1665798527465,9074.78718777763,2993.537104699304,2709.151079752871,3277.9231296457383
2023,6110,flare upstream,upstream oil,4.553198,8.009776,0.10144044564,0.09180360330420001,0.1110772879758,1170.0636542672114,1058.9076071118266,1281.2197014225962,157275.64898532923,142334.462331723,172216.83563893553,96530.25147704493,87359.87758672569,105700.62536736419,34867.8968971629,31555.446691932433,38180.34710239337
2023,6112,flare upstream,upstream oil,4.128097,8.096365,0.010520379377,0.009520943336185,0.011519815417815,121.34719500163692,109.81921147648141,132.8751785267924,16311.043229852567,14761.49412301657,17860.592336688554,10011.143587635046,9060.084946809717,10962.202228460374,3616.1464110487805,3272.6125019991464,3959.680320098414
2023,6115,flare upstream,upstream oil,4.290275,8.166972,0.07363376168,0.06663855432040001,0.0806289690396,849.327777743601,768.6416388579592,930.0139166292432,114163.51320608285,103317.979451505,125009.04696066072,70069.54166384708,63412.93520578163,76726.14812191257,25309.96777675931,22905.520837967182,27714.414715551447
2023,6116,flare upstream,upstream oil,4.274167,8.166705,0.010449932177,0.009457188620185,0.011442675733815,120.5346225829646,109.08383343758297,131.98541172834624,16201.820236703268,14662.647314216458,17740.99315919008,9944.10636309458,8999.416258600595,10888.796467588565,3591.9317529723453,3250.6982364399723,3933.165269504718
2023,6117,flare upstream,upstream oil,4.100746,8.172209,0.007206132147,0.006521549593035,0.007890714700965,83.11904842151526,75.22273882147131,91.0153580215592,11172.55649798296,10111.163630674579,12233.94936529134,6857.321494775009,6205.875952771383,7508.767036778633,2476.947642961155,2241.637616879845,2712.257669042464
2023,6118,flare upstream,upstream oil,4.581767,8.1909,0.011256141675,0.010186808215875,0.012325475134124998,129.83383677098706,117.4996222777433,142.16805126423085,17451.786374136,15793.866668593082,19109.706079678923,10711.291533606432,9693.718837913822,11728.864229299046,3869.0483357754147,3501.4887438767505,4236.607927674079
2023,6119,flare upstream,upstream oil,4.353982,8.246136,0.04150484847,0.03756188786535,0.04544780907465,478.73719761603246,433.2571638425094,524.2172313895555,64350.09170132229,58236.83298969669,70463.35041294793,39495.818803322676,35743.71601700703,43247.92158963833,14266.368488957767,12911.06348250678,15621.673495408755
2023,6120,flare upstream,upstream oil,4.271858,8.337947,0.03730619535,0.03376210679175,0.040850283908250004,430.307881463162,389.4286327241617,471.1871302021624,57840.40130962424,52345.56318520994,63335.23943403854,35500.400220710864,32127.862199743337,38872.9382416784,12823.174867602229,11604.973255180019,14041.376480024439
2023,6121,flare upstream,upstream oil,4.317188,8.366265,0.05024499775,0.04547172296375,0.055018272536249996,579.5503490259787,524.4930658685107,634.6076321834465,77901.02438471167,70500.42706816406,85301.62170125927,47812.90379464324,43270.67793415213,52355.12965513434,17270.600400974166,15629.89336288162,18911.307439066706
2023,6127,flare upstream,upstream oil,4.576817,8.422872,0.0004893497336,0.000442861508908,0.000535837958292,5.644398877570846,5.108180984201615,6.180616770940077,758.6993180793954,686.622882861853,830.7757532969381,465.6629073995948,421.4249311966333,509.90088360255635,168.20308655161122,152.22379332920815,184.1823797740143
2023,6000,flare oil downstream,refinery,5.354269,6.841526,0.005831736628,0.00527772164834,0.00638575160766,67.26609910505934,60.8758196900787,73.65637852004,9041.661411220668,8182.7035771547025,9900.61924528663,5549.453176167395,5022.255124431493,6076.6512279032995,2004.5297533307685,1814.0994267643453,2194.960079897192
2023,6079,flare oil downstream,refinery,4.839926,7.104587,0.014314548157,0.012954666082085,0.015674430231915,165.11099118396376,149.42544702148723,180.79653534644035,22193.611602551748,20085.218500309333,24302.004704794166,13621.65677267701,12327.599379272697,14915.714166081329,4920.30753728212,4452.87832124032,5387.736753323922
2023,5927,flare gas downstream,gpp,5.614469,5.201865,0.06030603203,0.05457695898715,0.06603510507285,695.599233286031,629.5173061238581,761.6811604482039,93499.88818965034,84617.39881163357,102382.37756766714,57386.936746097555,51935.1777552183,62838.69573697682,20728.857151923723,18759.615722490973,22698.098581356477
2023,6061,flare gas downstream,lng,4.959227,6.774207,0.004264345134,0.00385923234627,0.00466945792173,49.187039933282385,44.514271139620554,53.8598087269442,6611.54083280978,5983.444453692851,7239.637211926709,4057.930794495797,3672.4273690186956,4443.434219972896,1465.7737900118152,1326.5252799606926,1605.0223000629373
2023,6082,flare gas downstream,lng,4.414432,7.141316,0.03316507411,0.03001439206955,0.03631575615045,382.5421661188739,346.20066033758087,418.883671900167,51419.90969566476,46535.018274576614,56304.80111675292,31559.728704807098,28561.554477850423,34557.902931763776,11399.756550342443,10316.779678059911,12482.733422624977
2023,6083,flare gas downstream,lng,4.423558,7.155188,0.09774607706,0.08846019973930001,0.1070319543807,1127.4510023446705,1020.3431571219269,1234.558847567414,151547.81318625825,137150.77093356373,165944.85543895277,93014.70769343532,84178.31046255896,101851.10492431166,33598.03986987118,30406.22608223342,36789.85365750894
2024,7002,flare upstream,upstream,5.360041,4.342049,0.07367720412,0.06667786972860001,0.0806765385114,849.828864068449,769.0951219819465,930.5626061549515,114230.8673851916,103378.9349835984,125082.79978678479,70110.88128564705,63450.347563510586,76771.4150077835,25324.90014923978,22919.034635062006,27730.765663417555
2024,7003,flare upstream,upstream,5.709685,4.481132,0.14479277193,0.13103745859665,0.15854808526335,1670.1105635629256,1511.4500600244476,1828.7710671014036,224490.11368199188,203163.55288220267,245816.6744817811,137784.12149394135,124694.62995201693,150873.6130358658,49769.294794175185,45041.21178872854,54497.37779962183
2024,7004,flare upstream,upstream,5.387857,4.589634,0.05670471246,0.051317764776300005,0.062091660143699996,654.0598540998195,591.9241679603368,716.1955402393024,87916.31776069735,79564.26757343112,96268.36794796359,53959.93796323511,48833.743856727786,59086.13206974245,19490.983652174622,17639.34020521804,21342.627099131212
2024,7005,flare upstream,upstream,5.975339,4.842255,0.0007419234927,0.0006714407608934999,0.0008124062245065,8.557707998799904,7.74472573891391,9.370690258685894,1150.295605225958,1041.0175227294917,1259.573687722424,706.010909900992,638.9398734603976,773.0819463415862,255.01969836423714,230.79282701963453,279.2465697088396
2024,7006,flare upstream,upstream,5.91487,4.879574,0.016558379536,0.01498533348008,0.01813142559192,190.9924384342006,172.8481567829515,209.13672008544964,25672.500463098277,23233.612919103936,28111.388007092606,15756.87617082155,14259.972934593497,17253.779407049595,5691.574665339178,5150.875072131955,6232.274258546399
2024,7007,flare upstream,upstream,5.775406,4.889978,0.09893692827,0.08953792008435,0.10833593645565,1141.1868619386435,1032.7741100544727,1249.5996138228147,153394.13686628614,138821.69386398897,167966.57986858333,94147.91610993809,85203.864079494,103091.96814038222,34007.36848577158,30776.668479623288,37238.06849191988
2024,7008,flare upstream,upstream,5.952297,5.050406,0.1467620647,0.1328196685535,0.1607044608465,1692.8253483832277,1532.0069402868212,1853.643756479635,227543.35143631944,205926.73304986913,249159.96982276984,139658.0912416163,126390.57257366275,152925.60990956987,50446.19538182019,45653.806820547274,55238.58394309312
2024,7009,flare upstream,upstream,5.560813,5.07235,0.22399685242,0.2027171514401,0.2452765533999,2583.6891195946296,2338.2386532331393,2829.1395859561194,347289.97997555055,314297.4318778732,380282.52807322785,213154.35236655694,192904.688891734,233404.01584137985,76993.93576391996,69679.51186634756,84308.35966149236
2024,7010,flare upstream,upstream,5.539364,5.090218,0.0015986054742,0.001446737954151,0.0017504729942489998,18.439096467617016,16.687382303193402,20.190810632040634,2478.5154662921195,2243.0564969943684,2713.974435589871,1521.225458578404,1376.7090400134557,1665.7418771433522,549.485074734987,497.28399263516343,601.686156834811
2024,7011,flare upstream,upstream,5.601338,5.10891,0.009413712571,0.008519409876755,0.010308015265245,108.58235944797696,98.26703530041914,118.89768359553474,14595.241026638078,13208.69312910746,15981.788924168692,8958.0446544581,8107.030412284579,9809.058896631617,3235.7543115497133,2928.3576519524904,3543.1509711469353
2024,7012,flare upstream,upstream,5.861386,5.133209,0.021158170754,0.019148144532369998,0.02316819697563,244.0486773677277,220.86405301779354,267.23330171766185,32804.124781620616,29687.73292736666,35920.51663587458,20134.015882837535,18221.284373967967,22046.747391707104,7272.6505855582855,6581.748779930248,7963.552391186323
2024,7013,flare upstream,upstream,5.437318,5.141242,0.12854970232,0.11633748059959999,0.14076192404039997,1482.7550638459659,1341.893332780599,1623.6167949113321,199306.47713239765,180372.36180481984,218240.5924599754,122327.29276729218,110706.19995439942,133948.3855801849,44186.10090260978,39988.42131686185,48383.7804883577
2024,7014,flare upstream,upstream,5.65696,5.147027,0.0006687816873,0.0006052474270065001,0.0007323159475935,7.7140546851133625,6.981219490027595,8.44688988019913,1036.8948325887009,938.3898234927747,1135.3998416846273,636.4095115218524,575.9506079272766,696.8684151164282,229.8788296163782,208.04034080282233,251.7173184299341
2024,7015,flare upstream,upstream,5.537286,5.194547,0.015111893049,0.013676263209345,0.016547522888655,174.30795667597,157.74870079175284,190.86721256018714,23429.833846679863,21203.99963124528,25655.66806211445,14380.406425767524,13014.267815319608,15746.545036215439,5194.377108943906,4700.911283594235,5687.842934293577
2024,7016,flare upstream,upstream,5.818154,5.200811,0.0023853979627,0.0021587851562435,0.0026120107691565,27.514345382742974,24.90048257138239,30.128208194103546,3698.3770162380843,3347.0311996954665,4049.722832780701,2269.933494076295,2054.289812139047,2485.5771760135426,819.9274924057406,742.0343806271952,897.8206041842857
2024,7018,flare upstream,upstream,5.33199,5.2087,0.0024760194796,0.002240797629038,0.0027112413301620003,28.55961822781258,25.846454496170384,31.272781959454775,3838.87874405051,3474.1852633657118,4203.572224735309,2356.168503794538,2132.3324959340566,2580.004511655019,851.076623188815,770.2243439858775,931.9289023917523
2024,7019,flare upstream,upstream,5.833952,5.257819,0.016289271232,0.01474179046496,0.017836751999039998,187.88841179487235,170.03901267435947,205.73781091538515,25255.26862926796,22856.018109487504,27654.519149048414,15500.793973076969,14028.218545634656,16973.369400519274,5599.074671487197,5067.162577695913,6130.986765278478
2024,7020,flare upstream,upstream,5.432616,5.267597,0.0014875572046,0.001346239270163,0.001628875139037,17.15821147831655,15.528181387876478,18.78824156875662,2306.3436214244457,2087.240977389123,2525.446265459768,1415.5524469611153,1281.0749644998093,1550.0299294224212,511.3147020538332,462.739805358719,559.8895987489474
2024,7021,flare upstream,upstream,5.674203,5.275013,0.005177957259,0.004686051319395,0.0056698631986049994,59.72508848793907,54.05120508158486,65.39897189429328,8028.0265252147165,7265.364005319319,8790.689045110115,4927.319800254973,4459.224419230751,5395.415181279196,1779.8076369405842,1610.725911431229,1948.8893624499399
2024,7022,flare upstream,upstream,5.823771,5.295767,0.006073693407,0.005496692533335,0.006650694280665,70.05694679135767,63.401536846178686,76.71235673653663,9416.796883108022,8522.201179212758,10311.392587003282,5779.698110287008,5230.626789809741,6328.769430764272,2087.6970143824587,1889.365798016125,2286.028230748792
2024,7023,flare upstream,upstream,5.925177,5.315673,0.07043017526,0.06373930861030001,0.0771210419097,812.3760470044772,735.200322539052,889.5517714699023,109196.59759261861,98822.92082131984,119570.27436391733,67021.02387786937,60654.02660947179,73388.02114626694,24208.80620073342,21908.96961166375,26508.64278980309
2024,7024,flare upstream,upstream,5.415026,5.32193,0.011781736493,0.010662471526165,0.012901001459834999,135.89630415796483,122.9861552629582,148.80645305297148,18266.68092219071,16531.346234582597,20002.01560979883,11211.445093032098,10146.357809194053,12276.532376870147,4049.709863907352,3664.9874268361546,4434.43230097855
2024,7025,flare upstream,upstream,5.361485,5.32459,0.004794196137,0.004338747503985,0.005249644770014999,55.298600237221585,50.04523321468554,60.55196725975764,7433.034270033925,6726.896014380702,8139.172525687147,4562.134519570781,4128.731740211557,4995.537298930005,1647.8982870692032,1491.347949797629,1804.4486243407778
2024,7026,flare upstream,upstream,5.710598,5.335803,0.004702233188,0.00425552103514,0.00514894534086,54.2378546590131,49.08525846640686,59.39045085161935,7290.452754393615,6597.859742726223,7983.045766061008,4474.623009368581,4049.5338234785663,4899.712195258597,1616.2880688385906,1462.7407022989246,1769.8354353782565
2024,7027,flare upstream,upstream,6.154423,5.342458,0.024995165561,0.022620624832705,0.027369706289295,288.3064498662391,260.91733712894643,315.6955626035318,38753.09163223848,35071.54792717583,42434.63533730114,23785.282113964728,21525.68031313808,26044.883914791375,8591.532206013926,7775.3366464426035,9407.727765585249
2024,7028,flare upstream,upstream,5.606953,5.34391,0.0019372187469,0.0017531829659445002,0.0021212545278555,22.344827369517876,20.222068769413674,24.46758596962207,3003.509435738357,2718.176039343213,3288.8428321335005,1843.4482579852247,1668.3206734766281,2018.5758424938208,665.8758556116327,602.6176493285275,729.1340618947378
2024,7029,flare upstream,upstream,5.689025,5.37674,0.02952500858,0.0267201327649,0.0323298843951,340.5558721023928,308.20306425266557,372.90867995212005,45776.266620479684,41427.52129153411,50125.011949425236,28095.859448447405,25426.752800844908,30764.966096049906,10148.564988651306,9184.451314729435,11112.678662573178
2024,7030,flare upstream,upstream,5.89099,5.413575,0.008109822958,0.00733938977699,0.00888025613901,93.54265969387558,84.65610702295741,102.42921236479376,12573.659952186037,11379.162256728365,13768.157647643708,7717.269424744735,6984.128829393987,8450.410020095485,2787.5712588774923,2522.751989284131,3052.390528470854
2024,7031,flare upstream,upstream,5.78501,5.42831,0.027956149436,0.025300315239580002,0.030611983632419997,322.4598843385602,291.82619532639694,353.0935733507233,43343.870563044846,39226.20285955559,47461.53826653409,26602.940457931214,24075.66111442775,29130.219801434672,9609.304553289094,8696.420620726629,10522.188485851555
2024,7032,flare upstream,upstream,6.066301,5.437161,0.07074131706,0.06402089193930001,0.0774617421807,815.9649085202799,738.4482422108536,893.4815748297065,109678.99914569466,99259.49422685368,120098.50406453565,67317.1049529231,60921.979982395416,73712.22992345078,24315.754273904342,22005.757617883435,26625.750929925252
2024,7033,flare upstream,upstream,5.601007,5.454469,0.016060963598,0.014535172056190001,0.01758675513981,185.2550000146918,167.65577501329605,202.85422501608747,24901.295112303284,22535.672076634473,27266.918147972097,15283.537501212073,13831.601438596925,16735.473563827218,5520.599000437815,4996.142095396222,6045.055905479407
2024,7034,flare upstream,upstream,5.525447,5.467956,0.08159077292,0.0738396494926,0.0893418963474,941.1078324326398,851.702588351539,1030.5130765137405,126500.25028229585,114482.72650547772,138517.77405911396,77641.39617569279,70265.46353900197,85017.3288123836,28045.013406492668,25380.737132875864,30709.28968010947
2024,7036,flare upstream,upstream,5.536101,5.537274,0.01199627757,0.01085663120085,0.01313592393915,138.3709257446632,125.2256877989202,151.5161636904062,18599.3104459108,16832.375953549275,20366.244938272328,11415.601373934715,10331.119243410916,12500.083504458511,4123.453587190963,3731.725496407822,4515.181677974105
2024,7037,flare upstream,upstream,6.063436,5.586368,0.13326966472,0.12060904657159999,0.14593028286839999,1537.197415897011,1391.1636613867952,1683.2311704072272,206624.41767340046,186995.09799442743,226253.73735237354,126818.7868115034,114771.0020644106,138866.57155859625,45808.48299373093,41456.6771093265,50160.28887813537
2024,7038,flare upstream,upstream,5.901582,5.582832,0.11335424128,0.10258558835840001,0.1241228942016,1307.4831931383458,1183.2722897902029,1431.6940964864884,175747.07751009444,159051.10514663544,192443.04987355336,107867.36343391353,97619.96390769174,118114.7629601353,38962.9991555227,35261.51423574804,42664.484075297354
2024,7039,flare upstream,upstream,5.007277,5.685035,0.0021512490817,0.0019468804189385002,0.0023556177444615,24.813557806180835,22.45626981459366,27.170845797768017,3335.34709275811,3018.48911894609,3652.205066570131,2047.1185190099188,1852.642259703977,2241.5947783158613,739.444022624189,669.1968404748911,809.6912047734869
2024,7040,flare upstream,upstream,5.862669,5.689611,0.018387981379,0.016641123147995,0.020134839610005,212.0959598626442,191.94684367569297,232.24507604959535,28509.15812392694,25800.788102153874,31217.52814569999,17497.91668866815,15835.61460324467,19160.218774091616,6320.459603906797,5720.015941535651,6920.903266277942
2024,7042,flare upstream,upstream,6.041731,5.716338,0.008906668849,0.008060535308345,0.009752802389655,102.7338694645829,92.97415186544752,112.4935870637183,13809.108533446013,12497.243222768642,15120.973844123388,8475.544230828089,7670.367528899421,9280.72093275676,3061.46931004457,2770.6297255903364,3352.3088944988053
2024,7043,flare upstream,upstream,6.018611,5.844719,0.0009645072917,0.0008728790989885,0.0010561354844115,11.125098269963328,10.068213934316814,12.181982605609846,1495.3947539972553,1353.3322523675163,1637.4572556269952,917.8206072719745,830.6276495811371,1005.0135649628123,331.52792844490716,300.0327752426411,363.02308164717346
2024,7044,flare upstream,upstream,6.01454,5.865479,0.1105081744,0.10000989783200001,0.121006450968,1274.6552674239842,1153.5630170187055,1395.7475178292625,171334.46858686287,155057.6940711109,187611.24310261483,105159.0595624787,95168.94890404321,115149.17022091415,37984.72696923473,34376.17790715743,41593.27603131202
2024,7045,flare upstream,upstream,5.44905,5.879834,0.023903879727,0.021633011152935002,0.026174748301065,275.71902595732263,249.52571849137695,301.91233342326825,37061.13644919493,33540.32848652141,40581.94441186845,22746.819641479116,20585.8717755386,24907.76750741963,8216.426973528214,7435.866411043034,8996.987536013394
2024,7046,flare upstream,upstream,5.435457,5.884007,0.06945301389,0.06285497757045,0.07605105020955,801.1049904138097,725.0000163244978,877.2099645031216,107681.58365847688,97451.83321092158,117911.33410603218,66091.1617091393,59812.50134677107,72369.82207150753,23872.92871433153,21605.000486470035,26140.856942193022
2024,7047,flare upstream,upstream,5.539758,5.894197,0.028201863399,0.025522686376095,0.030881040421905,325.294069220521,294.39113264457154,356.1970057964705,43724.83126123349,39570.97229141631,47878.69023105068,26836.760710692983,24287.268443177152,29386.252978208813,9693.763262771527,8772.855752808233,10614.67077273482
2024,7050,flare upstream,upstream,5.517251,5.937709,0.10547149313,0.09545170128265,0.11549128497734999,1216.5597252073237,1100.986551312628,1332.1328991020196,163525.47967249295,147990.5591036061,179060.4002413798,100366.17732960421,90831.39048329182,109900.96417591661,36253.479811178244,32809.399229116316,39697.56039324019
2024,7051,flare upstream,upstream,5.549719,6.012781,0.022702520143,0.020545780729415,0.024859259556585002,261.86195764423053,236.98507166802867,286.73884362043253,35198.520339355586,31854.66090711681,38542.37977159437,21603.61150564902,19551.268412612364,23655.954598685683,7803.48633779807,7062.155135707255,8544.817539888889
2024,7052,flare upstream,upstream,5.523044,6.058635,0.015360747783,0.013901476743614999,0.016820018822385,177.17836874493,160.34642371416166,194.01031377569834,23815.664069979757,21553.17598333168,26078.152156627835,14617.215421456725,13228.579956418336,16005.850886495113,5279.915388598914,4778.323426682017,5781.507350515811
2024,7053,flare upstream,upstream,5.653021,6.069066,0.007608708542,0.00688588123051,0.00833153585349,87.76256122238648,79.42511790625976,96.10000453851316,11796.72039425071,10676.031956796893,12917.408831704528,7240.411300846885,6552.57222726643,7928.250374427335,2615.324324427117,2366.868513606541,2863.780135247692
2024,7054,flare upstream,upstream,5.490514,6.135783,0.022063094391,0.019967100423855,0.024159088358145002,254.48650865741484,230.31029033496043,278.66272697986926,34207.139638203815,30957.461372574453,37456.81790383317,20995.136964236724,19000.598952634235,22989.674975839214,7583.697957990963,6863.246651981821,8304.149264000103
2024,7055,flare upstream,upstream,5.357297,6.143623,0.012146153988,0.01099226935914,0.013300038616859999,140.09967356538854,126.79020457667664,153.40914255410047,18831.682363835927,17042.672539271516,20620.69218840034,11558.223069144555,10460.191877575822,12656.25426071329,4174.970272248579,3778.3480963849643,4571.592448112194
2024,7056,flare upstream,upstream,5.460313,6.179453,0.01485614036,0.0134448070258,0.0162674736942,171.35798022434838,155.07897210303528,187.63698834566142,23033.308871967445,20845.144529130535,25221.473214804344,14137.03336850874,12794.01519850041,15480.051538517067,5106.467810685582,4621.353368670451,5591.58225270071
2024,7057,flare upstream,upstream,5.883558,6.218035,0.021995230255,0.019905683380775002,0.024084777129225,253.7037305607605,229.60187615748822,277.8055849640327,34101.92148813666,30862.23894676367,37341.60402950963,20930.557771262742,18942.154782992777,22918.960759532696,7560.371170710663,6842.1359094931495,8278.606431928174
2024,7058,flare upstream,upstream,5.489092,6.244108,0.007560921858,0.00684263428149,0.00827920943451,87.21136626505373,78.92628646987363,95.49644606023384,11722.630797231102,10608.98087149415,12836.280722968057,7194.9377168669325,6511.418633764574,7878.456799969292,2598.898714698601,2352.003336802234,2845.7940925949683
2024,7059,flare upstream,upstream,5.328418,6.241656,0.017689438685,0.016008942009925,0.019369935360075,204.03862718782585,184.65495760498243,223.4222967706693,27426.1211276907,24820.63962056009,30031.602634821324,16833.186742995633,15234.03400241105,18432.339483580217,6080.35109019721,5502.717736628477,6657.984443765946
2024,7060,flare upstream,upstream,6.043122,6.275989,0.008642579908,0.00782153481674,0.009463624999260001,99.68773861008506,90.21740344212695,109.1580737780431,13399.658837877594,12126.69124827922,14672.626427475961,8224.238435332018,7442.935783975474,9005.541086688556,2970.694610580535,2688.4786225753833,3252.9105985856845
2024,7061,flare upstream,upstream,5.019508,6.300023,0.03330009791,0.03013658860855,0.03646360721145,384.09959658799596,347.6101349121363,420.5890582638555,51629.253765867594,46724.474658110164,56534.032873625,31688.216718509666,28677.836130251242,34698.59730676808,11446.16797832228,10358.782020381661,12533.553936262895
2024,7062,flare upstream,upstream,5.569606,6.30475,0.03776057979,0.03417332470995,0.04134783487005,435.54897356359845,394.17182107505664,476.9261260521404,58544.8896154372,52983.125101970676,64106.654128903734,35932.79031899687,32519.175238692173,39346.405399301584,12979.359412195234,11746.320268036689,14212.398556353783
2024,7064,flare upstream,upstream,5.693201,6.340242,0.0006757588954,0.000611561800337,0.000739955990463,7.7945332117460335,7.05405255663016,8.535013866861908,1047.7124598685293,948.179776181019,1147.2451435560392,643.0489899690477,581.9593359219882,704.1386440161074,232.27708971003182,210.21076618757877,254.34341323248486
2024,7065,flare upstream,upstream,5.027072,6.358558,0.003439349716,0.00311261149298,0.00376608793902,39.671139766947256,35.90238148908727,43.43989804480726,5332.448563870562,4825.865950302858,5839.031177438266,3272.8690307731486,2961.9464728496996,3583.791588696599,1182.1999650550283,1069.8909683748007,1294.5089617352562
2024,7066,flare upstream,upstream,5.68606,6.359203,0.08553552259,0.07740964794395,0.09366139723604999,986.6085021598786,892.8806944546902,1080.3363098650675,132616.28280285164,120017.73593658075,145214.8296691226,81395.20142818999,73662.65729251194,89127.74556386807,29400.933364364384,26607.84469474977,32194.022033979014
2024,7067,flare upstream,upstream,5.713903,6.380821,0.016041854795,0.014517878589475001,0.017565831000525,185.03458974612693,167.45630372024485,202.61287577200898,24871.66837541154,22508.859879747444,27234.476871075633,15265.35365405547,13815.1450569202,16715.562251190742,5514.030774434583,4990.1978508632965,6037.863698005867
2024,7068,flare upstream,upstream,5.668625,6.392866,0.02811195516,0.0254413194198,0.0307825909002,324.2570236711905,293.4526064224273,355.0614409199535,43585.4354162267,39444.81905168516,47726.05178076824,26751.204452873215,24209.840029850253,29292.568875896162,9662.859305401476,8744.887671388335,10580.830939414614
2024,7069,flare upstream,upstream,5.73444,6.394389,0.04005891969,0.03625332231945,0.04386451706055,462.05914872278294,418.1635295941186,505.95476785144746,62108.289766933,56208.00223907435,68008.57729479164,38119.879769629595,34498.49119151478,41741.268347744415,13769.362631938931,12461.273181904735,15077.452081973135
2024,7070,flare upstream,upstream,5.71699,6.420729,0.02997322889,0.02712577214545,0.03282068563455,345.72586411619534,312.8819070251568,378.569821207234,46471.19791439206,42056.434112524825,50885.96171625931,28522.383789586114,25812.757329575437,31232.010249596802,10302.630750662622,9323.880829349673,11281.380671975574
2024,7071,flare upstream,upstream,5.824315,6.441476,0.008811447717,0.007974360183884999,0.009648535250115,101.6355424120108,91.98016588286978,111.29091894115182,13661.475454372547,12363.635286207156,14959.315622537939,8384.932248990892,7588.363685336757,9181.500812645025,3028.7391638779222,2741.0089433095195,3316.469384446324
2024,7072,flare upstream,upstream,5.822861,6.455269,0.00013415025472,0.00012140598052160001,0.0001468945289184,1.5473545711304153,1.4003558868730261,1.694353255387805,207.98970508776668,188.23068310442886,227.74872707110455,127.65675211825926,115.52936066702466,139.7841435694939,46.111166219686375,41.73060542881618,50.49172701055659
2024,7073,flare upstream,upstream,5.72013,6.487277,0.03771919206,0.034135868814299995,0.0413025153057,435.0715872676284,393.7397864772037,476.40338805805317,58480.72110696197,52925.05260180059,64036.38961212338,35893.40594957934,32483.532384369308,39303.279514789385,12965.133300575326,11733.445637020672,14196.820964129985
2024,7074,flare upstream,upstream,5.100966,6.506602,0.05884366557,0.05325351734085,0.06443381379915,678.731584161758,614.2520836663908,743.2110846571251,91232.60089019287,82565.50380562452,99899.6979747612,55995.35569334503,50675.79690247725,61314.914484212815,20226.201208020386,18304.712093258448,22147.690322782328
2024,7075,flare upstream,upstream,5.660747,6.51644,0.11193649138,0.10130252469890001,0.1225704580611,1291.1301732125655,1168.4728067573717,1413.7875396677587,173548.96477296486,157061.8131195332,190036.11642639647,106518.23929003665,96399.00655748317,116637.4720225901,38475.67916173446,34820.48964136968,42130.86868209921
2024,7078,flare upstream,upstream,5.113752,6.556382,0.005526670899,0.005001637163595,0.0060517046344050005,63.74732196036708,57.69132637413221,69.80331754660195,8568.680341303734,7754.655708879881,9382.70497372759,5259.154061730284,4759.534425865907,5758.773697594661,1899.670194418939,1719.20152594914,2080.138862888738
2024,7079,flare upstream,upstream,5.688038,6.589777,0.03269865494,0.029592282720700004,0.0358050271593,377.1622595635809,341.3318449050408,412.99267422212114,50696.76246185547,45880.5700279792,55512.95489573174,31115.886413995424,28159.877204665863,34071.89562332499,11239.43533499471,10171.688978170216,12307.18169181921
2024,7080,flare upstream,upstream,5.251638,6.599601,0.07939017851,0.07184811155155,0.08693224546845,915.7251015043632,828.7312168614486,1002.7189861472777,123088.39703379471,111394.99931558421,134781.79475200525,75547.32087410997,68370.3253910695,82724.31635715041,27288.608024830024,24696.19026247117,29881.02578718888
2024,7082,flare upstream,upstream,5.238684,6.626748,0.013978074718,0.012650157619790001,0.015305991816209999,161.2299421692801,145.91309766319847,176.54678667536166,21671.935281522423,19613.101429777795,23730.769133267044,13301.470228965607,12037.830557213874,14565.109900717336,4804.652276644547,4348.210310363314,5261.0942429257775
2024,7084,flare upstream,upstream,5.387331,6.656847,0.10205245569,0.09235747239945001,0.11174743898054999,1177.1228771544272,1065.2962038247567,1288.9495504840977,158224.52373831376,143193.19398317396,173255.85349345356,97112.63736524024,87886.93681554243,106338.33791493806,35078.26173920193,31745.826873977752,38410.69660442611
2024,7085,flare upstream,upstream,5.248445,6.660469,0.004416070791,0.003996544065855001,0.004835597516145,50.937117779997905,46.09809159089811,55.77614396909769,6846.779854305078,6196.335768146096,7497.223940464058,4202.312216849828,3803.092556249094,4601.5318774505595,1517.9261098439376,1373.7231294087637,1662.129090279111
2024,7086,flare upstream,upstream,5.635682,6.669538,0.06374473598,0.0576889860619,0.06980048589809999,735.2629244724735,665.4129466475887,805.1129022973585,98831.33554275036,89442.35866618907,108220.31241931164,60659.19126897906,54896.56809842607,66421.81443953207,21910.835149279712,19829.305810098143,23992.364488461284
2024,7087,flare upstream,upstream,5.53538,6.675602,0.04031018137,0.036480714139850004,0.04413964860015,464.9573236827144,420.78637793285657,509.1282694325722,62497.85177583216,56560.55585712811,68435.14769453621,38358.97920382394,34714.87617946067,42003.08222818721,13855.72824574489,12539.434062399127,15172.022429090652
2024,7088,flare upstream,upstream,5.389455,6.66804,0.015592137482,0.01411088442121,0.017073390542789998,179.84733056842745,162.76183416442683,196.93282697242807,24174.416092894713,21877.846564069718,26470.985621719712,14837.404771895264,13427.851318565214,16246.958225225317,5359.450450939138,4850.302658099919,5868.598243778357
2024,7089,flare upstream,upstream,5.460288,6.694784,0.05018423704,0.04541673452120001,0.0549517395588,578.8495053148738,523.8588023099609,633.8402083197867,77806.81955312041,70415.17169557398,85198.46741066684,47755.084188477085,43218.351190571775,52291.8171863824,17249.71525838324,15610.992308836834,18888.438207929645
2024,7090,flare upstream,upstream,5.194254,6.761893,0.007816204899,0.007073665433595,0.008558744364405,90.15592556721757,81.59111263833191,98.72073849610322,12118.427618655865,10967.176994883557,13269.67824242817,7437.863859295449,6731.266792662383,8144.460925928516,2686.6465819030836,2431.415156622291,2941.878007183876
2024,7091,flare upstream,upstream,5.392365,6.801812,0.008698526726,0.00787216668703,0.009524886764969999,100.3330565392473,90.80141616801882,109.86469691047577,13486.400098270322,12205.192088934642,14767.608107606004,8277.477164487902,7491.116833861553,9063.83749511425,2989.9250848695697,2705.882201806961,3273.967967932178
2024,7092,flare upstream,upstream,5.620419,6.814615,0.04265401842,0.038601886670100005,0.0467061501699,491.9922851956247,445.2530181020404,538.7315522892089,66131.79177707019,59849.27155824853,72414.31199589185,40589.363528639034,36733.37399341833,44445.35306385974,14661.370098829615,13268.539939440805,16054.200258218427
2024,7093,flare upstream,upstream,5.506484,6.81579,0.004199504357,0.0038005514430849998,0.004598457270915,48.43913473626274,43.83741693631778,53.0408525362077,6511.010169531949,5892.464203426413,7129.556135637486,3996.2286157416756,3616.5868972462167,4375.8703342371355,1443.4862151406296,1306.35502470227,1580.6174055789895
2024,7094,flare upstream,upstream,5.505105,6.831634,0.14711899718,0.1331426924479,0.16109530191209998,1696.9423819711674,1535.732855683907,1858.1519082584289,228096.7479349425,206427.55688112305,249765.93898876215,139997.74651262132,126697.96059392233,153297.53243132037,50568.88298274079,45764.83909938043,55372.92686610118
2024,7095,flare upstream,upstream,5.305185,6.838838,0.006516483412,0.00589741748786,0.00713554933614,75.16430301455433,68.02369422817166,82.30491180093699,10103.308904631827,9143.494558691804,11063.12325057185,6201.0549987007325,5611.954773824163,6790.1552235773015,2239.896229833719,2027.1060879995157,2452.6863716679222
2024,7097,flare upstream,upstream,5.153345,6.861295,0.015204531117,0.013760100660885,0.016648961573115,175.37648940652412,158.71572291290434,192.03725590014395,23573.46208267119,21333.98318481743,25812.940980524956,14468.56037603824,13094.047140314608,15843.073611761876,5226.219384314419,4729.72854280455,5722.710225824289
2024,7098,flare upstream,upstream,5.246943,6.865674,0.009787963321,0.008858106805505,0.010717819836494998,112.89915042217363,102.17373113206716,123.62456971228015,15175.48817774371,13733.81680085806,16617.159554629365,9314.179909829325,8429.33281839554,10199.027001263112,3364.3946825807743,3044.7771877356013,3684.0121774259487
2024,7099,flare upstream,upstream,5.203406,6.901922,0.00666401159,0.006030930488950001,0.00729709269105,76.86596508799062,69.56369840463151,84.16823177134972,10332.040056118645,9350.496250787373,11313.583861449915,6341.4421197592255,5739.0051183821,6943.879121136352,2290.6057596221203,2072.998212458019,2508.213306786222
2024,7100,flare upstream,upstream,5.144782,6.920059,0.015145296763,0.013706493570515002,0.016584099955485,174.69325143115714,158.0973925451972,191.28911031711706,23481.623749264825,21250.86949308467,25712.378005444985,14412.193243070464,13043.03488497877,15781.351601162158,5205.858892648483,4711.302297846877,5700.415487450088
2024,7101,flare upstream,upstream,5.009683,7.018853,0.012003263584,0.01086295354352,0.01314357362448,138.45150584284818,125.29861278777761,151.60439889791877,18610.141726064772,16842.17826208862,20378.105190040922,11422.249232034974,10337.135554991653,12507.362909078298,4125.854874116876,3733.898661075773,4517.811087157979
2024,7131,flare upstream,upstream,4.555865,4.614458,0.010263511274,0.00928847770297,0.011238544845029999,118.38435282005294,107.13783930214792,129.63086633795797,15912.78889108194,14401.073946429158,17424.503835734726,9766.709107654367,8838.871742427204,10694.546472881533,3527.8537140375774,3192.707611204008,3862.9998168711477
2024,7132,flare upstream,upstream,4.803715,5.311669,0.022544307473,0.020402598263065,0.024686016682935,260.037055420629,235.3335351556693,284.7405756855887,34953.22370057446,31632.667449019897,38273.77995212903,21453.05707220189,19415.016650342717,23491.097494061065,7749.1042515347435,7012.939347638945,8485.269155430542
2024,7133,flare upstream,upstream,4.99431,5.554702,0.011924891074,0.01079202642197,0.01305775572603,137.54751902707525,124.48050471950309,150.6145333346474,18488.631146186184,16732.211187298493,20245.051105073864,11347.670319733708,10269.641639359004,12425.69900010841,4098.916067006842,3709.519040641192,4488.313093372492
2024,7134,flare upstream,upstream,3.4669,5.561114,0.10777658422,0.0975378087191,0.11801535972089999,1243.1477718899646,1125.0487335604178,1361.2468102195112,167099.3470274989,151224.90905988647,182973.78499511126,102559.69118092208,92816.52051873447,112302.86184310967,37045.80360232094,33526.45226010045,40565.154944541435
2024,7135,flare upstream,upstream,4.938598,5.606999,0.024817110263,0.022459484788015002,0.027174735737984998,286.2526730780448,259.05866913563057,313.44667702045905,38477.03051705363,34821.71261793354,42132.34841617373,23615.845528938695,21372.34020368952,25859.350854187873,8530.329657725735,7719.948340241791,9340.71097520968
2024,7136,flare upstream,upstream,4.87992,5.615442,0.028883821648,0.026139858591440003,0.03162778470456,333.1601088051102,301.5098984686248,364.8103191415957,44782.155344499166,40527.85058677175,49036.46010222658,27485.708976421593,24874.566623661543,30096.851329181645,9928.171242392285,8984.99497436502,10871.347510419551
2024,7137,flare upstream,upstream,4.784701,5.651288,0.008709563454,0.007882154925870001,0.00953697198213,100.46035955150596,90.91662539411293,110.00409370889903,13503.51170053038,12220.678088979996,14786.345312080764,8287.979662999242,7500.621595014317,9075.33773098417,2993.718714634878,2709.3154367445654,3278.121992525191
2024,7138,flare upstream,upstream,4.99963,5.686444,0.009161452889,0.008291114864545,0.010031790913455001,105.67267304544781,95.63376910613027,115.71157698476537,14204.131692002637,12854.739181262388,15553.524202742892,8717.995526249444,7889.785951255748,9546.205101243144,3149.0456567543447,2849.886319362682,3448.204994146008
2024,7139,flare upstream,upstream,4.508587,5.739938,0.010303666178,0.00932481789109,0.01128251446491,118.84751909869618,107.55700478432003,130.1380334130723,15975.04599717704,14457.416627445218,17492.67536690886,9804.920325642435,8873.452894706403,10736.387756578464,3541.6560691411464,3205.198742572737,3878.1133957095544
2024,7140,flare upstream,upstream,4.914249,5.772742,0.00642155581,0.00581150800805,0.00703160361195,74.06936168039336,67.03277232075601,81.10595104003075,9956.130921363148,9010.29848383365,10901.96335889265,6110.722338632452,5530.203716462371,6691.240960802536,2207.266978075722,1997.5766151585292,2416.957340992916
2024,7141,flare upstream,upstream,4.327629,5.821404,0.013817983456,0.01250527502768,0.01513069188432,159.38337134784726,144.24195106980176,174.5247916258927,21423.72602959065,19388.472056779534,23458.980002401753,13149.1281361974,11899.960963258645,14398.295309136149,4749.624466165848,4298.410141880093,5200.838790451603
2024,7142,flare upstream,upstream,3.936771,5.870283,0.06723128532,0.0608443132146,0.0736182574254,775.4784877599315,701.8080314227378,849.148944097125,104236.96351203097,94334.45197838802,114139.47504567393,63976.97524019435,57899.16259237587,70054.78788801281,23109.258935245958,20913.87933639759,25304.638534094323
2024,7143,flare upstream,upstream,4.557314,5.921013,0.005822226256,0.0052691147616799995,0.00637533775032,67.15640182853858,60.776543654827414,73.53626000224973,9026.916307145511,8169.359257966688,9884.473356324334,5540.403150854432,5014.0648515232615,6066.741450185603,2001.2607744904496,1811.141000913857,2191.380548067042
2024,7144,flare upstream,upstream,4.33946,5.92537,0.03632697927,0.032875916239349996,0.03977804230065,419.0131248436166,379.2068779834731,458.8193717037603,56322.20170484901,50971.59254288836,61672.81086680968,34568.58279959837,31284.56743363653,37852.59816556022,12486.591120339775,11300.364963907497,13672.817276772057
2024,7146,flare upstream,upstream,4.815061,5.961613,0.07294660795,0.06601668019475,0.07987653570525001,841.4018109431347,761.4686389035369,921.3349829827326,113098.13392707243,102353.81120400054,123842.4566501443,69415.64940280862,62821.16270954179,76010.13609607544,25073.773966105415,22691.765439325398,27455.78249288543
2024,7147,flare upstream,upstream,4.664232,6.077392,0.003199095411,0.002895181346955,0.003503009475045,36.899929247433526,33.39443596892734,40.405422525939706,4959.952647650982,4488.75714612414,5431.148149177826,3044.244162913266,2755.0409674365055,3333.447358390026,1099.617891573519,995.1541918740347,1204.0815912730034
2024,7148,flare upstream,upstream,4.802075,6.089876,0.006154472863,0.005569797941015,0.006739147784985,70.98869649810193,64.24477033078223,77.7326226654216,9542.03924858588,8635.545519970221,10448.532977201538,5856.567461093409,5300.193552289534,6412.941369897282,2115.4631556434374,1914.4941558573105,2316.432155429564
2024,7149,flare upstream,upstream,4.630011,6.263556,0.04500020371,0.04072518435755,0.049275223062449997,519.0543324558242,469.744170872521,568.3644940391275,69769.37254474655,63141.28215299565,76397.46293649748,42821.9824276055,38753.894096982986,46890.07075822802,15467.819107183563,13998.376292001127,16937.261922366
2024,7150,flare upstream,upstream,4.452816,6.28332,0.007121125859,0.006444618902395001,0.007797632815605,82.13854436965066,74.33538265453384,89.94170608476746,11040.760752916143,9991.888481389109,12089.633024443174,6776.429910496179,6132.669068999042,7420.190751993316,2447.72862221559,2215.1944031051084,2680.2628413260704
2024,7151,flare upstream,upstream,4.434722,6.324693,0.021045572646,0.019046243244629998,0.02304490204737,242.7499157852164,219.68867378562086,265.811157784812,32629.550030903654,29529.74277796781,35729.35728383951,20026.86805228035,18124.315587313722,21929.42051724699,7233.947490399449,6546.722478811502,7921.1725019873975
2024,7152,flare upstream,upstream,4.453832,6.325301,0.03789384241,0.034293927381050006,0.04149375743895,437.0860897222537,395.5629111986396,478.6092682458677,58751.5031108113,53170.11031528423,64332.895906338366,36059.602402085926,32633.940173887768,39485.26463028409,13025.16547372316,11787.774753719461,14262.55619372686
2024,7153,flare upstream,upstream,4.442201,6.361206,0.03869400519,0.03501807469695,0.042369935683049996,446.31555811100674,403.9155800904611,488.71553613155237,59992.09427466537,54292.845318572174,65691.34323075859,36821.033544158054,33323.03535746304,40319.03173085307,13300.203631708002,12036.684286695741,14563.72297672026
2024,7154,flare upstream,upstream,3.941491,6.397127,0.04034188261,0.036509403762049995,0.04417436145795,465.32298127111676,421.1172980503607,509.52866449187286,62547.00212274932,56605.03692108815,68488.9673244105,38389.145954867134,34742.17708915476,42036.11482057951,13866.62484187928,12549.29548190075,15183.954201857812
2024,7155,flare upstream,upstream,4.540927,6.503327,0.005184209448,0.0046917095504400005,0.00567670934556,59.79720429009625,54.1164698825371,65.47793869765539,8037.720065856719,7274.13665960033,8801.303472113106,4933.269353932941,4464.608765309311,5401.92994255657,1781.9566878448684,1612.6708024996058,1951.2425731901305
2024,7156,flare upstream,upstream,4.656921,6.614931,0.05479177745,0.04958655859225,0.05999699630775,631.9951272144549,571.9555901290817,692.0346642998281,84950.45840088918,76880.16485280471,93020.75194897364,52139.597995192526,47186.336185649234,57092.859804735825,18833.454790990756,17044.276585846634,20622.63299613488
2024,7157,flare upstream,upstream,4.527717,6.63114,0.009011928707,0.008155795479835,0.009868061934165001,103.9479880868158,94.07292921856829,113.8230469550633,13972.305889043255,12644.936829584145,15299.674948502365,8575.709017162304,7761.016660531884,9390.401373792723,3097.650044987111,2803.3732907133353,3391.9267992608866
2024,7158,flare upstream,upstream,4.930851,6.652761,0.005945831739,0.005380977723795,0.006510685754204999,68.5821278514674,62.06682570557798,75.0974299973568,9218.557150542047,8342.79422124055,10094.320079843541,5658.0255477460605,5120.513120710184,6195.537974781936,2043.7474099737287,1849.591406026224,2237.9034139212326
2024,7159,flare upstream,upstream,4.803694,6.664725,0.014557855174,0.01317485893247,0.015940851415529998,167.9174131749533,151.96525892333275,183.86956742657384,22570.84051514113,20426.610666202723,24715.070364079536,13853.186586933649,12537.133861174952,15169.239312692342,5003.938912613608,4528.564715915316,5479.313109311901
2024,7160,flare upstream,upstream,4.550456,6.665379,0.017779493689,0.016090441788545,0.019468545589455,205.07736559636197,185.5950158647076,224.55971532801632,27565.744520599892,24946.998791142898,30184.49025005687,16918.882661699863,15311.588808838376,18526.176514561346,6111.305494771587,5530.731472768286,6691.879516774887
2024,7161,flare upstream,upstream,3.0538,6.694602,0.004186853214,0.0037891021586700002,0.00458460426933,48.29321027274283,43.705355296832266,52.8810652486534,6491.395540345554,5874.712964012728,7108.078116678384,3984.1898475012836,3605.691811988662,4362.687883013906,1439.1376661277366,1302.4195878456017,1575.8557444098712
2024,7162,flare upstream,upstream,4.560954,6.710024,0.015705087826,0.014213104482530001,0.017197071169470002,181.15015501303208,163.94089028679406,198.35941973927018,24349.53695857742,22036.330947512568,26662.742969642277,14944.887788575146,13525.12344866051,16364.65212848979,5398.274619388356,4885.438530546463,5911.1107082302515
2024,7163,flare upstream,upstream,4.902153,6.714424,0.012065609356,0.010919376467180001,0.013211842244819999,139.1706324333732,125.94942235220276,152.39184251454364,18706.8040750019,16929.65768787672,20483.95046212708,11481.57717575329,10390.827344056728,12572.32700744985,4147.284846514522,3753.2927860956424,4541.276906933401
2024,7166,flare upstream,upstream,4.531278,6.818696,0.03333209268,0.030165543875400002,0.0364986414846,384.46863989480966,347.94411910480267,420.9931606848165,51678.859208589565,46769.36758377355,56588.350833405566,31718.662791321796,28705.38982614622,34731.93575649736,11457.165468865329,10368.73474932312,12545.596188407531
2024,7167,flare upstream,upstream,3.143149,6.82297,0.03342572875,0.030250284518750004,0.03660117298125,385.5486840679615,348.9215590815052,422.1758090544178,51824.034770317165,46900.75146713704,56747.318073497285,31807.766435606824,28786.028624224182,34829.50424698947,11489.350785225253,10397.862460628856,12580.83910982165
2024,7169,flare upstream,upstream,4.934352,6.976306,0.04098295213,0.03708957167765,0.04487633258235,472.717390281035,427.8092382043366,517.6255423577333,63540.931360407936,57504.54288116917,69577.31983964668,38999.18469818539,35294.26215185777,42704.10724451299,14086.978230374843,12748.715298489231,15425.24116226045
2024,7170,flare upstream,upstream,4.559915,6.973533,0.018839489225,0.017049737748624998,0.020629240701375,217.3038719226515,196.6600040899996,237.9477397553034,29209.186490852964,26434.31377422193,31984.059207484,17927.569433618748,16224.450337424967,19630.68852981253,6475.655383295015,5860.468121881989,7090.842644708041
2024,7171,flare upstream,upstream,3.855679,6.980458,0.09880689448,0.0894202395044,0.1081935494556,1139.6869886825111,1031.4167247576725,1247.9572526073498,153192.52942476474,138639.23912941208,167745.8197201174,94024.17656630717,85091.87979250797,102956.47334010636,33962.67226273883,30736.21839777864,37189.126127699026
2024,7173,flare upstream,upstream,4.557735,7.003151,0.06387183447,0.05780401019535,0.06993965874465,736.7289405444949,666.7396911927681,806.7181898962218,99028.39202622388,89620.69478373264,108436.08926871516,60780.13759492083,55006.024523403365,66554.2506664383,21954.522428225948,19868.84279754449,24040.20205890741
2024,7175,flare upstream,upstream,4.931245,7.015975,0.0399553036,0.036159549758,0.043751057441999995,460.86399012365257,417.08191106190554,504.64606918539937,61947.640947842585,56062.615057797535,67832.66683788762,38021.27918520134,34409.257662607204,41633.300707795446,13733.746905684848,12429.040949644785,15038.452861724902
2024,7176,flare upstream,upstream,4.531912,7.031004,0.0001348388761,0.0001220291828705,0.0001476485693295,1.5552974665229373,1.407544207203258,1.7030507258426162,209.05735984580105,189.19691066044993,228.91780903115213,128.31204098814234,116.12239709426879,140.50168488201584,46.34786450238353,41.94481737465709,50.75091163010996
2024,7177,flare upstream,upstream,4.551905,7.044664,0.03723046461,0.03369357047205,0.04076735874795,429.43436611308925,388.6381013323458,470.2306308938327,57722.98659198875,52239.30286574982,63206.67031822767,35428.335204329866,32062.64335991853,38794.0270487412,12797.14411017006,11581.415419703904,14012.872800636214
2024,7178,flare upstream,upstream,4.655266,7.059268,0.03582944592,0.0324256485576,0.0392332432824,413.2743321367434,374.0132705837529,452.53539368973406,55550.814315732125,50273.48695573758,60828.14167572668,34095.13240128133,30856.094823159616,37334.16997940306,12315.575097674953,11145.595463395837,13485.554731954075
2024,7179,flare upstream,upstream,4.661083,7.07015,0.0368497562,0.033349029361,0.040350483039,425.0430893338476,384.6639958471321,465.42218282056314,57132.72733317777,51705.11823652588,62560.33642982965,35066.054870042426,31734.7796573884,38397.33008269646,12666.28406214866,11462.987076244537,13869.581048052782
2024,7183,flare upstream,upstream,4.98319,7.11762,0.06465761428,0.0585151409234,0.07080008763659999,745.7925087311024,674.9422204016478,816.6427970605572,100246.68349564332,90723.24856355721,109770.11842772944,61527.88197031595,55682.73318313594,67373.03075749597,22224.616760186855,20113.278167969103,24335.955352404606
2024,7185,flare upstream,upstream,4.893327,7.119671,0.09556514916,0.08648645998980001,0.1046438383302,1102.2951145499399,997.5770786676954,1207.013150432184,148166.45135667795,134090.63847779355,162242.26423556235,90939.34695037003,82300.10899008487,99578.58491065518,32848.39441358821,29727.796944297326,35968.99188287908
2024,7186,flare upstream,upstream,4.893383,7.130157,0.006817351662,0.00616970325411,0.00746500006989,78.63466438596737,71.16437126930047,86.10495750263426,10569.78210454028,9565.652804608953,11573.911404471606,6487.359811842308,5871.060629717289,7103.658993967327,2343.312998701828,2120.6982638251543,2565.927733578501
2024,7191,flare upstream,upstream,4.981409,7.181062,0.04882636726,0.04418786237030001,0.0534648721497,563.1871719449648,509.68439061019325,616.6899532797363,75701.54636016773,68509.8994559518,82893.19326438365,46462.9416854596,42048.96222534094,50876.92114557824,16782.97772395995,15188.59484018376,18377.360607736144
2024,7193,flare upstream,upstream,4.469913,7.195845,0.016022217638,0.01450010696239,0.017544328313609997,184.80808518442197,167.25131709190188,202.36485327694206,24841.22246607117,22481.306331794407,27201.138600347927,15246.667027714813,13798.233660081905,16695.10039534772,5507.2809384957745,4984.089249338676,6030.472627652874
2024,7194,flare upstream,upstream,4.867108,7.245825,0.03261265065,0.02951444883825,0.03571085246175,376.17024406911844,340.4340708825522,411.90641725568474,50563.419391052375,45759.89454890239,55366.94423320235,31034.045135702272,28085.810847810557,33982.279423593995,11209.87327325973,10144.935312300055,12274.811234219405
2024,7195,flare upstream,upstream,4.844138,7.254487,0.05717054457,0.05173934283585,0.06260174630415,659.4329892182902,596.7868552425527,722.0791231940277,88638.55480289707,80217.89209662186,97059.21750917227,54403.22161050895,49234.915557510605,59571.52766350729,19651.103078705048,17784.248286228074,21517.957871182025
2024,7197,flare upstream,upstream,3.990722,7.289835,0.07936728317,0.07182739126885,0.08690717507114999,915.4610154682947,828.4922189988067,1002.4298119377826,123052.89956102122,111362.87410272418,134742.9250193182,75525.53377613431,68350.60806740155,82700.45948486707,27280.738260955182,24689.068126164442,29872.408395745922
2024,7198,flare upstream,upstream,3.57675,7.393808,0.13671834869,0.12373010556445,0.14970659181555,1576.9762215094327,1427.1634804660366,1726.788962552829,211971.33828386336,191834.0611468963,232108.61542083035,130100.5382745282,117740.98713844802,142460.0894106084,46993.8914009811,42529.47171788789,51458.3110840743
2024,7199,flare upstream,upstream,4.460788,7.467925,0.05050359768,0.0457057559004,0.0553014394596,582.5331669461883,527.1925160863003,637.8738178060761,78301.96378873054,70863.27722880115,85740.65034865995,48058.98627306054,43493.38257711977,52624.589969001274,17359.488374996414,15710.33697937175,19008.639770621066
2024,7200,flare upstream,upstream,4.016994,7.46949,0.004498229838,0.004070898003390001,0.00492556167261,51.88478036327451,46.95572622876343,56.81383449778557,6974.161170065446,6311.615858909228,7636.706481221661,4280.494379970147,3873.847413872983,4687.141346067309,1546.1664548255803,1399.2806416171502,1693.05226803401
2024,7201,flare upstream,upstream,4.018041,7.491752,0.21130608287,0.19123200499735,0.23138016074265,2437.3075840892216,2205.763363600745,2668.8518045776977,327613.91285550955,296490.5911342361,358737.234576783,201077.8756873608,181975.47749706145,220180.27387766007,72631.76600585881,65731.7482353022,79531.7837764154
2024,7202,flare upstream,upstream,4.013349,7.509846,0.007809013414,0.0070671571396700005,0.00855086968833,90.07297546614477,81.51604279686102,98.62990813542854,12107.27777143854,10957.08638315188,13257.469159725206,7431.020475956943,6725.073530741034,8136.967421172854,2684.1746688911144,2429.178075346458,2939.1712624357706
2024,7203,flare upstream,upstream,4.136784,7.51562,0.03481383212,0.0315065180686,0.0381211461714,401.55974643421746,363.41157052296677,439.70792234546815,53976.182831163096,48848.445462202595,59103.92020012359,33128.67908082294,29981.45456814476,36275.90359350112,11966.48044373968,10829.66480158441,13103.296085894952
2024,7204,flare upstream,upstream,4.107661,7.624484,0.023002155567,0.020816950788135,0.025187360345865,265.31809899831677,240.11287959347675,290.52331840315696,35663.082136883924,32275.089333879954,39051.0749398879,21888.74316736113,19809.31256646183,23968.17376826045,7906.47935014984,7155.363811885607,8657.594888414078
2024,7205,flare upstream,upstream,4.310327,7.635957,0.002976775789,0.0026939820890450003,0.0032595694889549997,34.33558612284011,31.07370544117031,37.59746680450992,4615.263085103995,4176.813092019116,5053.713078188874,2832.6858551343093,2563.5806988965505,3101.7910113720686,1023.2004664606354,925.9964221468753,1120.4045107743957
2024,7206,flare upstream,upstream,4.305948,7.65975,0.16906858352,0.15300706808560002,0.1851300989544,1950.1196333189969,1764.8582681536923,2135.380998484302,262127.90202543463,237225.7513330183,287030.05271785095,160884.86974881723,145600.8071226796,176168.93237495492,58113.56507290611,52592.776390980034,63634.3537548322
2024,7208,flare upstream,upstream,4.517509,7.757492,0.10211820641,0.09241697680105,0.11181943601894999,1177.8812780785213,1065.9825566610618,1289.7799994959807,158326.46519858646,143285.45100472076,173367.4793924521,97175.205441478,87943.5609245376,106406.84995841842,35100.86208673994,31766.280188499644,38435.44398498023
2024,7209,flare upstream,upstream,3.9795,7.757746,0.016163581686,0.01462804142583,0.017699121946169998,186.43864717122443,168.72697568995812,204.15031865249074,25060.396605657428,22679.65892811997,27441.13428319488,15381.188391626016,13919.975494421546,16842.401288830486,5555.871685702488,5028.063875560752,6083.679495844224
2024,7212,flare upstream,upstream,4.243924,7.793476,0.007090158444,0.00641659339182,0.00776372349618,81.78135107727594,74.01212272493473,89.55057942961716,10992.74814551093,9948.437071687391,12037.059219334467,6746.9614638752655,6106.000124807115,7387.922802943415,2437.0842621028232,2205.561257203055,2668.6072670025915
2024,7213,flare upstream,upstream,4.106638,7.799513,0.028204622581,0.025525183435805,0.030884061726195,325.32589497358566,294.41993495109506,356.2318549960763,43729.10916179851,39574.84379142765,47883.374532169364,26839.386335320818,24289.64463346534,29389.128037176295,9694.711670212853,8773.714061542632,10615.709278883074
2024,7214,flare upstream,upstream,4.405051,7.828229,0.029012123611,0.026255971867955002,0.031768275354045,334.6400063226172,302.84920572196853,366.4308069232658,44981.077720772315,40707.87533729895,49254.28010424568,27607.800521615918,24985.059472062403,30230.541571169426,9972.272188413992,9024.906330514663,10919.638046313321
2024,7215,flare upstream,upstream,4.147587,7.97199,0.14149232061,0.12805055015205,0.15493409106795,1632.0415457481274,1476.997598902055,1787.0854925941992,219373.01645294734,198532.5798899173,240213.4530159773,134643.42752422052,121852.30190941953,147434.55313902145,48634.8380632942,44014.52844728124,53255.147679307134
2024,7216,flare upstream,upstream,4.366458,7.9976,0.010305075122,0.009326092985410001,0.01128405725859,118.86377054706963,107.57171234509802,130.15582874904123,15977.230457040028,14459.393563621225,17495.06735045883,9806.261070133245,8874.666268470586,10737.855871795902,3542.1403623026754,3205.6370278839213,3878.643696721429
2024,7217,flare upstream,upstream,4.554545,8.009399,0.07292136437,0.06599383475485,0.07984889398515001,841.1106391597772,761.2051284395984,921.0161498799561,113058.99568786059,102318.39109751383,123799.60027820735,69391.62773068162,62799.423096266866,75983.83236509637,25065.09704696136,22683.912827500033,27446.28126642269
2024,7218,flare upstream,upstream,4.606912,8.01561,0.003369665694,0.00304954745307,0.0036897839349299996,38.86737021614388,35.174970045610216,42.55977038667754,5224.408819813717,4728.089981931414,5720.727657696019,3206.5580428318704,2901.9350287628426,3511.181056900897,1158.2476324410877,1048.2141073591845,1268.2811575229907
2024,7219,flare upstream,upstream,4.644997,8.046128,0.012102095135,0.010952396097175,0.013251794172824998,139.59147723187723,126.3302868948489,152.85266756890556,18763.372483537136,16980.85209760111,20545.892869473166,11516.296871629871,10422.248668825034,12610.345074434708,4159.826021509942,3764.6425494664973,4555.009493553386
2024,7221,flare upstream,upstream,4.128928,8.096041,0.023494640201,0.021262649381905,0.025726631020095,270.99865734851863,245.25378490040933,296.74352979662785,36426.641878158465,32966.11089973341,39887.17285658352,22357.389231252786,20233.43725428377,24481.3412082218,8075.759988985856,7308.562790032198,8842.95718793951
2024,7223,flare upstream,upstream,4.275852,8.163957,0.00592578364,0.0053628341942,0.006488733085799999,68.35088328398689,61.85754937200814,74.84421719596563,9187.474107074975,8314.664066902853,10060.284147247097,5638.947870928919,5103.247823190672,6174.647918667164,2036.8563218628094,1843.3549712858426,2230.357672439776
2024,7224,flare upstream,upstream,4.291424,8.166389,0.09226469784,0.08349955154520002,0.1010298441348,1064.2260967351415,963.1246175453031,1165.3275759249798,143049.3541276334,129459.66548550825,156639.04276975858,87798.65298064917,79457.78094748751,96139.52501381084,31713.937682707216,28701.113602850033,34726.7617625644
2024,7225,flare upstream,upstream,4.101968,8.171894,0.009079616725,0.008217053136125,0.009942180313874999,104.72873475242345,94.77950495094323,114.67796455390368,14077.250981627538,12739.91213837292,15414.589824882152,8640.120617074934,7819.3091584528165,9460.932075697054,3120.916295622219,2824.4292475381085,3417.40334370633
2024,7226,flare upstream,upstream,4.582822,8.190477,0.018394556451,0.016647073588155002,0.020142039313845,212.17179995505361,192.01547895932353,232.32812095078367,28519.352269954205,25810.01380430856,31228.69073559985,17504.17349629192,15841.27701414419,19167.069978439653,6322.719638660598,5722.061272987841,6923.378004333354
2024,7227,flare upstream,upstream,4.354772,8.245271,0.03610888648,0.0326785422644,0.039539230695599996,416.4975360641436,376.9302701380501,456.0648019902372,55984.06552189099,50665.57929731135,61302.55174647062,34361.046725291846,31096.747286389134,37625.34616419457,12411.62657471148,11232.522050113894,13590.731099309069
2024,7228,flare upstream,upstream,4.272892,8.337764,0.04254394467,0.03850226992635,0.04658561941365,490.7226407914492,444.1039899162616,537.341291666637,65961.1308502744,59694.82341949836,72227.4382810505,40484.61786529456,36638.57916809158,44330.65656249755,14623.534695585186,13234.298899504596,16012.770491665782
2024,7229,flare upstream,upstream,4.318461,8.365681,0.05800593095,0.05249536750975,0.06351649439024999,669.0687438163795,605.5072131538235,732.6302744789356,89933.75746332583,81390.05050430987,98477.46442234176,55198.17136485131,49954.34508519044,60441.99764451219,19938.24856572811,18044.114951983942,21832.38217947228
2024,7235,flare upstream,upstream,4.577793,8.422082,0.0019058491958,0.001724793522199,0.002086904869401,21.98299564291991,19.89461105684252,24.071380228997302,2954.8733470805837,2674.160379107929,3235.5863150532405,1813.5971405408925,1641.305412189508,1985.8888688922775,655.0932701590133,592.8594094939072,717.3271308241196
2024,6999,flare oil downstream,refinery,6.48527,3.998425,0.05610356302,0.0507737245331,0.06143340150689999,647.1259027938156,585.6489420284032,708.602863559228,86984.28155249,78720.77480500349,95247.78829997656,53387.88698048979,48316.037717343264,58459.73624363631,19284.351903255705,17452.338472446416,21116.365334064994
2024,7041,flare oil downstream,refinery,5.563776,5.714011,0.003104490692,0.00280956407626,0.0033994173077399998,35.80871220352482,32.406884544189964,39.210539862859676,4813.275269767574,4356.014119139654,5270.536420395492,2954.2187567907977,2673.5679748956723,3234.869538685923,1067.0996236650396,965.725159416861,1168.4740879132185
2024,7096,flare oil downstream,refinery,5.355148,6.84143,0.009808980069,0.008877126962445001,0.010740833175555,113.14156786041092,102.39311891367188,123.89001680714995,15208.073037366588,13763.306098816764,16652.839975916413,9334.1793484839,8447.43231037793,10220.92638658987,3371.6187222402455,3051.314943627422,3691.9225008530684
2024,7180,flare oil downstream,refinery,4.768143,7.101669,0.007831439106,0.0070874523909299995,0.00857542582107,90.33164435275543,81.75013813924369,98.91315056626722,12142.047090924398,10988.552617286581,13295.541564562218,7452.360659102324,6744.3863964876045,8160.334921717045,2691.8830017121118,2436.154116549462,2947.611886874763
2024,7181,flare oil downstream,refinery,4.844005,7.10324,0.008113903025,0.007343082237625001,0.008884723812375001,93.58972117979036,84.69869766771028,102.48074469187047,12579.985783872598,11384.887134404702,13775.0844333405,7721.151997332705,6987.642557586098,8454.661437079314,2788.973691157753,2524.0211904977664,3053.92619181774
2024,7182,flare oil downstream,refinery,4.832697,7.108039,0.007956864475,0.0072009623498750005,0.008712766600125,91.7783618298333,83.05941745599914,100.49730620366746,12336.509528310628,11164.541123121118,13508.477933500137,7571.714850961247,6852.401940119929,8291.027761802567,2734.9951825290323,2475.1706401887745,2994.8197248692904
2024,7017,flare gas downstream,gpp,5.616019,5.201408,0.04753395467,0.043018228976350006,0.05204968036365,548.2798537807388,496.19326767156866,600.3664398899089,73697.75953168291,66696.47237617304,80699.04668719278,45233.08793691095,40935.94458290441,49530.23129091748,16338.739642666016,14786.559376612746,17890.919908719283
2024,7035,flare gas downstream,gpp,5.757039,5.514184,0.00970087297,0.00877929003785,0.01062245590215,111.89460776958998,101.26462003147896,122.52459550770106,15040.461252462894,13611.617433478921,16469.30507144687,9231.305140991173,8354.331152597013,10108.279129385337,3334.4593115337816,3017.685676938073,3651.2329461294917
2024,7164,flare gas downstream,gpp,4.960107,6.772951,0.004145582896,0.0037517525208800003,0.00453941327112,47.8171782641373,43.274546329044256,52.35981019923033,6427.409070192259,5816.805208523994,7038.012931860521,3944.917206791327,3570.150072146151,4319.684341436502,1424.9519122712916,1289.581480605519,1560.3223439370638
2024,7174,flare gas downstream,gpp,4.696029,7.012722,0.0004919181211,0.0004451858995955,0.0005386503426045,5.674023913668273,5.134991641869789,6.213056185466759,762.6814063712967,690.2266727660236,835.13613997657,468.1069728776325,423.63681045425756,512.5771353010076,169.08591262731454,153.0227509277197,185.14907432690944
2024,7187,flare gas downstream,lng,4.416204,7.140559,0.03340165929,0.030228501657450006,0.036574816922550005,385.2710551582486,348.670304918215,421.87180539828216,51786.7169143245,46866.978807463674,56706.45502118533,31784.862050555508,28765.300155752735,34804.42394535828,11481.077443715809,10390.375086562806,12571.77980086881
2024,7188,flare gas downstream,lng,4.424839,7.151403,0.07209038094,0.06524179475070001,0.0789389671293,831.5256703378548,752.5307316557587,910.5206090199512,111770.61946450366,101152.41061537583,122388.82831363153,68600.86780287302,62083.785361600094,75117.95024414598,24779.464976068073,22425.41580334161,27133.514148794544
2024,7189,flare gas downstream,lng,4.423512,7.161621,0.11440478515,0.10353633056075,0.12527323973925,1319.6006793317968,1194.2386147952761,1444.9627438683174,177375.8653954333,160525.15818286713,194226.57260799943,108867.05604487323,98524.68572061029,119209.42636913618,39324.100244087545,35588.31072089923,43059.88976727586
2024,7190,flare gas downstream,lng,4.419145,7.172001,0.014124722306,0.012782873686930001,0.01546657092507,162.92144708748296,147.4439096141721,178.39898456079388,21899.301145594873,19818.867536763362,23979.73475442639,13441.019384717345,12164.122543169198,14717.916226265495,4855.059123206992,4393.828506502328,5316.289739911657
